Age,Academic Performance (GPA),Study Hours Per Week,Social Media Usage (Hours per day),Sleep Duration (Hours per night),Physical Exercise (Hours per week),Family Support,Financial Stress,Peer Pressure,Relationship Stress,Diet Quality,Work_Rest_Ratio,Social_Exercise_Ratio,Coping_Exercise,Coping_Meditation,Coping_Reading,Coping_Social Media Engagement,Coping_Spending Time Alone,Coping_Talking to Friends,Coping_Travelling,Coping_Walking or Nature Walks,Coping_Watching Sports,Coping_Yoga
1.6215264148347022,1.3738997949942373,1.579092808231036,-0.11285825587723738,0.3586429889871002,1.0005508073911094,-1.3712922858860004,-0.6694251689692691,-1.4183351616178823,0.742027910934961,-0.7147625209527175,0.7285890982170464,-0.2896463044560804,0,0,0,0,0,0,0,1,0,0
-1.0216051139039015,-0.7266812830187459,0.18725687404073466,-0.897061908144212,-1.1851087795379034,0.6734890380933704,-1.3712922858860004,-1.3557835209647422,0.714429335324424,0.742027910934961,1.3448375394228858,0.749711431112952,-0.30629202343901013,0,0,0,0,0,0,0,0,1,0
1.0929001090869814,-1.4268749756897403,1.5234193708634238,-1.2891637342776994,-0.7991708374066524,-1.2888815776930636,0.7484001967038848,-0.6694251689692691,0.714429335324424,0.016701592850626282,0.6583041859643514,1.6790940785328052,-0.2570618754187061,0,0,0,0,0,0,0,1,0,0
0.2999606504654003,0.6737061023232428,0.07590999930551054,0.27924357025624996,0.744580931118351,0.3464272687956314,0.7484001967038848,1.38964988701715,-0.7074136626371136,-1.4339510433180431,-0.7147625209527175,-0.32752754657824135,-0.26407828326636407,0,0,0,1,0,0,0,0,0,0
0.035647497591539984,-0.026487590347751562,-0.7035181238410582,-0.5049600820107247,0.744580931118351,-0.9618198083953245,1.45496435756718,0.016933183026203977,1.4253508343051926,-1.4339510433180431,0.6583041859643514,-0.7710965373922622,-0.2162998869704078,0,0,0,0,1,0,0,0,0,0
0.035647497591539984,1.3738997949942373,-0.7591915612086703,0.27924357025624996,-1.5710467216691542,0.6734890380933704,0.7484001967038848,0.016933183026203977,0.0035078363436552087,0.016701592850626282,-0.7147625209527175,-0.08990130149930163,-0.27313702579268295,0,0,1,0,0,0,0,0,0,0
0.5642738033392607,-0.026487590347751562,-1.3159259348847907,-1.6812655604111868,-1.1851087795379034,-0.9618198083953245,1.45496435756718,1.38964988701715,-1.4183351616178823,-0.7086247252337085,-1.401295874411252,-0.9611975334554139,-0.3283953552032282,0,0,0,0,0,0,0,1,0,0
0.035647497591539984,0.6737061023232428,1.3563990587605876,-0.11285825587723738,-1.5710467216691542,1.6546743459865874,0.7484001967038848,0.016933183026203977,0.0035078363436552087,-0.7086247252337085,1.3448375394228858,2.9200311361672684,-0.2973193838119513,0,0,0,1,0,0,0,0,0,0
-1.2859182667777618,-1.4268749756897403,-1.5386196843552389,1.455549048656712,0.3586429889871002,1.6546743459865874,1.45496435756718,-0.6694251689692691,1.4253508343051926,-0.7086247252337085,-0.7147625209527175,-1.2428286387341574,-0.2662434124206743,0,0,0,0,0,0,1,0,0,0
0.035647497591539984,0.6737061023232428,1.634766245598648,-0.5049600820107247,1.5164568153808526,0.6734890380933704,-0.6647281250227053,-0.6694251689692691,0.0035078363436552087,-1.4339510433180431,-0.7147625209527175,0.2533366080591669,-0.29524035755690103,0,0,0,0,0,0,0,0,0,1
0.035647497591539984,-0.7266812830187459,-1.0375587480467305,-0.5049600820107247,-0.027294953144150712,-1.2888815776930636,1.45496435756718,-0.6694251689692691,0.0035078363436552087,0.016701592850626282,-0.028229167494183048,-0.8819887850957673,-0.114394915849662,1,0,0,0,0,0,0,0,0,0
-1.0216051139039015,-0.026487590347751562,-0.8148649985762823,1.455549048656712,-0.027294953144150712,0.3464272687956314,-0.6647281250227053,-1.3557835209647422,0.0035078363436552087,-0.7086247252337085,1.3448375394228858,-0.7235712883764742,-0.2254880401042455,0,0,0,0,0,0,0,0,1,0
1.6215264148347022,-0.7266812830187459,-0.48082437437061,0.27924357025624996,0.744580931118351,0.6734890380933704,0.04183603584058977,-0.6694251689692691,-0.7074136626371136,0.742027910934961,-0.7147625209527175,-0.6443625400168277,-0.27313702579268295,1,0,0,0,0,0,0,0,0,0
-1.0216051139039015,1.3738997949942373,-0.03543687542971356,1.0634472225232248,-0.4132328952754016,0.01936549949789241,1.45496435756718,-1.3557835209647422,1.4253508343051926,1.4673542290192958,0.6583041859643514,-0.010692553139655081,-0.22069578768542036,0,1,0,0,0,0,0,0,0,0
1.0929001090869814,-0.026487590347751562,0.5212974982464069,1.455549048656712,-0.7991708374066524,1.3276125766888485,0.04183603584058977,1.38964988701715,0.714429335324424,1.4673542290192958,-0.7147625209527175,0.7285890982170464,-0.25941352859841565,0,0,0,0,0,0,0,0,1,0
0.8285869562131211,-0.026487590347751562,0.9666849971873034,-1.6812655604111868,-0.7991708374066524,-0.9618198083953245,0.7484001967038848,-1.3557835209647422,1.4253508343051926,0.742027910934961,1.3448375394228858,1.1510357561351616,-0.3283953552032282,0,0,1,0,0,0,0,0,0,0
-1.0216051139039015,-0.026487590347751562,0.29860374877595874,-0.897061908144212,0.3586429889871002,-1.2888815776930636,0.7484001967038848,0.7032915350216771,0.0035078363436552087,0.742027910934961,-1.401295874411252,-0.08110032945934093,-0.18572839563418406,0,0,0,1,0,0,0,0,0,0
-1.0216051139039015,1.3738997949942373,1.3563990587605876,-1.6812655604111868,0.3586429889871002,-1.2888815776930636,-1.3712922858860004,1.38964988701715,0.0035078363436552087,-1.4339510433180431,1.3448375394228858,0.5877735455776747,-0.3283953552032282,0,0,0,0,0,1,0,0,0,0
-0.757291961030041,-0.026487590347751562,-0.9818853106791184,0.6713453963897373,1.5164568153808526,-1.2888815776930636,1.45496435756718,-0.6694251689692691,0.0035078363436552087,0.016701592850626282,-1.401295874411252,-0.9876004495752961,0.09960552350390424,0,0,0,1,0,0,0,0,0,0
-0.4929788081561807,-0.026487590347751562,0.29860374877595874,1.455549048656712,-0.027294953144150712,1.0005508073911094,-1.3712922858860004,0.016933183026203977,-1.4183351616178823,-1.4339510433180431,-0.7147625209527175,0.06851619521999146,-0.2508972537089326,0,0,0,0,0,0,1,0,0,0
1.0929001090869814,0.6737061023232428,-0.536497811738222,-0.5049600820107247,1.1305188732496019,-0.3076962697998466,0.7484001967038848,0.7032915350216771,0.0035078363436552087,1.4673542290192958,0.6583041859643514,-0.7307720836818967,-0.2709806031815397,0,0,0,0,0,1,0,0,0,0
0.5642738033392607,1.3738997949942373,1.69043968296626,1.0634472225232248,0.744580931118351,-0.3076962697998466,0.7484001967038848,-0.6694251689692691,-0.7074136626371136,-0.7086247252337085,-0.028229167494183048,0.591293934393659,-0.19442760048595503,0,0,0,0,0,0,1,0,0,0
1.3572132619608417,-1.4268749756897403,-0.14678375016493767,1.0634472225232248,-0.7991708374066524,-1.6159433469908027,0.04183603584058977,-0.6694251689692691,-0.7074136626371136,0.016701592850626282,0.6583041859643514,0.09491911133987381,5.164282588204972,0,0,0,0,0,0,0,0,1,0
-1.0216051139039015,-1.4268749756897403,-0.7591915612086703,-0.897061908144212,1.1305188732496019,1.6546743459865874,1.45496435756718,1.38964988701715,0.714429335324424,0.742027910934961,-1.401295874411252,-0.8459848085686552,-0.31285736950758974,0,0,0,0,0,0,1,0,0,0
0.035647497591539984,-0.7266812830187459,-0.36947749963538584,-0.897061908144212,1.5164568153808526,-1.6159433469908027,0.04183603584058977,1.38964988701715,-0.7074136626371136,1.4673542290192958,-0.7147625209527175,-0.697168372256592,1.2409412000562576,0,0,1,0,0,0,0,0,0,0
0.2999606504654003,0.6737061023232428,0.8553381224520793,0.6713453963897373,-1.1851087795379034,0.01936549949789241,0.7484001967038848,-0.6694251689692691,0.714429335324424,0.016701592850626282,0.6583041859643514,1.5101154153655592,-0.23608144018796431,0,1,0,0,0,0,0,0,0,0
0.2999606504654003,-0.7266812830187459,0.9666849971873034,-0.897061908144212,-1.5710467216691542,-0.9618198083953245,-1.3712922858860004,-1.3557835209647422,-1.4183351616178823,0.016701592850626282,-0.028229167494183048,2.3655698976497423,-0.25366504304801457,0,0,0,0,1,0,0,0,0,0
0.8285869562131211,0.6737061023232428,0.576970935614019,1.0634472225232248,-0.4132328952754016,-0.3076962697998466,-0.6647281250227053,0.016933183026203977,-0.7074136626371136,-0.7086247252337085,0.6583041859643514,0.4871910079781235,-0.19442760048595503,1,0,0,0,0,0,0,0,0,0
-0.4929788081561807,-1.4268749756897403,0.7996646850844672,1.455549048656712,-1.5710467216691542,-0.6347580390975855,0.7484001967038848,-1.3557835209647422,-1.4183351616178823,0.016701592850626282,-0.028229167494183048,2.127943652570803,-0.1259003158149075,0,1,0,0,0,0,0,0,0,0
-0.22866565528232038,-0.7266812830187459,0.07590999930551054,0.27924357025624996,0.3586429889871002,-0.6347580390975855,1.45496435756718,0.7032915350216771,0.0035078363436552087,1.4673542290192958,1.3448375394228858,-0.2219158820987126,-0.20183595558552778,0,0,0,0,0,0,0,0,0,1
-1.550231419651622,-1.4268749756897403,-0.09111031279732561,-0.897061908144212,-0.4132328952754016,-0.9618198083953245,1.45496435756718,-0.6694251689692691,0.714429335324424,0.742027910934961,-0.028229167494183048,-0.05595469505945318,-0.25366504304801457,0,0,0,0,1,0,0,0,0,0
-1.2859182667777618,-1.4268749756897403,1.1893787466577517,0.6713453963897373,-1.1851087795379034,-0.3076962697998466,-0.6647281250227053,0.7032915350216771,0.714429335324424,-0.7086247252337085,-0.7147625209527175,1.890317407491863,-0.2135658511598512,0,1,0,0,0,0,0,0,0,0
0.5642738033392607,-0.026487590347751562,-0.7591915612086703,1.455549048656712,-0.4132328952754016,0.01936549949789241,1.45496435756718,0.7032915350216771,0.0035078363436552087,-1.4339510433180431,-0.7147625209527175,-0.5991003980970295,-0.20531013518287639,0,0,0,0,0,0,1,0,0,0
0.5642738033392607,1.3738997949942373,-0.3138040622677738,0.6713453963897373,-0.027294953144150712,0.6734890380933704,-0.6647281250227053,0.016933183026203977,0.714429335324424,-0.7086247252337085,1.3448375394228858,-0.36713192075806467,-0.26208535991057386,0,0,0,0,0,0,0,0,0,1
1.3572132619608417,0.6737061023232428,-0.25813062490016175,0.6713453963897373,-0.4132328952754016,-0.6347580390975855,0.04183603584058977,0.016933183026203977,-0.7074136626371136,1.4673542290192958,-0.7147625209527175,-0.19174112081884723,-0.17652407566198766,0,0,0,1,0,0,0,0,0,0
0.5642738033392607,-0.026487590347751562,-0.14678375016493767,0.6713453963897373,-1.1851087795379034,-0.6347580390975855,1.45496435756718,-0.6694251689692691,-1.4183351616178823,1.4673542290192958,-0.7147625209527175,0.3695094389866486,-0.17652407566198766,0,0,1,0,0,0,0,0,0,0
-0.757291961030041,-1.4268749756897403,-1.594293121722851,-0.5049600820107247,-0.4132328952754016,1.0005508073911094,1.45496435756718,-1.3557835209647422,-1.4183351616178823,-1.4339510433180431,-1.401295874411252,-1.2780325268940003,-0.29933356714286735,0,1,0,0,0,0,0,0,0,0
0.2999606504654003,1.3738997949942373,0.6883178103492431,1.455549048656712,-0.7991708374066524,0.3464272687956314,-1.3712922858860004,0.016933183026203977,1.4253508343051926,0.016701592850626282,1.3448375394228858,0.8870065949363395,-0.2254880401042455,0,0,0,0,0,1,0,0,0,0
0.2999606504654003,-0.026487590347751562,0.9110115598196913,1.0634472225232248,-1.5710467216691542,-0.3076962697998466,1.45496435756718,1.38964988701715,1.4253508343051926,-0.7086247252337085,1.3448375394228858,2.2863611492900957,-0.19442760048595503,0,1,0,0,0,0,0,0,0,0
-0.4929788081561807,-0.026487590347751562,0.2429303114083467,1.0634472225232248,1.5164568153808526,0.6734890380933704,0.7484001967038848,1.38964988701715,0.0035078363436552087,0.742027910934961,1.3448375394228858,-0.40673629493788793,-0.2510336940284648,0,0,0,0,1,0,0,0,0,0
0.5642738033392607,-0.026487590347751562,-0.8705384359438944,0.6713453963897373,-0.4132328952754016,1.3276125766888485,0.7484001967038848,-0.6694251689692691,-1.4183351616178823,0.016701592850626282,0.6583041859643514,-0.6896246819366256,-0.2766589852496188,0,1,0,0,0,0,0,0,0,0
1.0929001090869814,0.6737061023232428,0.8553381224520793,1.455549048656712,-0.4132328952754016,-0.9618198083953245,1.45496435756718,1.38964988701715,-1.4183351616178823,0.016701592850626282,-1.401295874411252,0.7135017175771137,-0.029474106582373816,0,0,0,0,0,0,0,1,0,0
-0.757291961030041,-0.7266812830187459,-0.6478446864734462,-0.897061908144212,-0.027294953144150712,1.0005508073911094,0.04183603584058977,-0.6694251689692691,1.4253508343051926,0.742027910934961,-0.7147625209527175,-0.6047581658370044,-0.3090208298296543,0,0,0,0,0,1,0,0,0,0
-0.22866565528232038,-0.026487590347751562,1.2450521840253637,-1.6812655604111868,0.3586429889871002,1.0005508073911094,-1.3712922858860004,1.38964988701715,-1.4183351616178823,1.4673542290192958,1.3448375394228858,0.5173657692579888,-0.3283953552032282,0,0,1,0,0,0,0,0,0,0
1.3572132619608417,-0.026487590347751562,0.40995062351118283,-0.11285825587723738,1.1305188732496019,-1.6159433469908027,0.04183603584058977,0.016933183026203977,-1.4183351616178823,-1.4339510433180431,1.3448375394228858,-0.24111800291317234,2.810277755315743,0,0,0,1,0,0,0,0,0,0
-1.550231419651622,1.3738997949942373,-0.7035181238410582,-0.11285825587723738,1.5164568153808526,0.01936549949789241,-0.6647281250227053,-0.6694251689692691,0.0035078363436552087,-0.7086247252337085,-1.401295874411252,-0.8555858689758852,-0.2668527451930523,0,0,0,0,0,0,1,0,0,0
0.8285869562131211,0.6737061023232428,-0.6478446864734462,-0.897061908144212,-0.4132328952754016,-1.2888815776930636,-0.6647281250227053,-0.6694251689692691,1.4253508343051926,-1.4339510433180431,1.3448375394228858,-0.5085761142574335,-0.18572839563418406,1,0,0,0,0,0,0,0,0,0
-0.22866565528232038,-0.026487590347751562,-0.7591915612086703,0.6713453963897373,1.5164568153808526,0.01936549949789241,-0.6647281250227053,-1.3557835209647422,1.4253508343051926,1.4673542290192958,-0.7147625209527175,-0.8819887850957673,-0.23608144018796431,0,0,0,0,0,0,0,0,1,0
0.2999606504654003,-1.4268749756897403,0.5212974982464069,-0.11285825587723738,-0.027294953144150712,0.6734890380933704,1.45496435756718,0.016933183026203977,0.0035078363436552087,-1.4339510433180431,0.6583041859643514,0.22693369193928478,-0.284188691674792,0,1,0,0,0,0,0,0,0,0
1.6215264148347022,-0.7266812830187459,-0.09111031279732561,1.0634472225232248,1.1305188732496019,-0.9618198083953245,0.7484001967038848,-0.6694251689692691,0.0035078363436552087,0.016701592850626282,-1.401295874411252,-0.5003466339083793,-0.06683926265998061,0,0,0,0,0,0,0,0,1,0
1.3572132619608417,-0.026487590347751562,-1.5386196843552389,1.0634472225232248,1.5164568153808526,-0.3076962697998466,-1.3712922858860004,0.7032915350216771,-1.4183351616178823,1.4673542290192958,-0.028229167494183048,-1.251629610774118,-0.19442760048595503,0,1,0,0,0,0,0,0,0,0
-1.0216051139039015,-1.4268749756897403,1.4120724961281998,0.27924357025624996,-0.027294953144150712,-1.2888815776930636,-0.6647281250227053,1.38964988701715,-0.7074136626371136,-1.4339510433180431,-0.028229167494183048,0.8606036788164574,0.02827204371938216,0,0,0,0,0,0,0,0,0,1
1.0929001090869814,1.3738997949942373,1.634766245598648,1.455549048656712,1.1305188732496019,-0.3076962697998466,0.04183603584058977,1.38964988701715,0.0035078363436552087,-1.4339510433180431,1.3448375394228858,0.3925519839640004,-0.17528934981205885,0,0,0,0,0,0,0,1,0,0
0.2999606504654003,-0.7266812830187459,-1.5386196843552389,0.27924357025624996,-0.7991708374066524,1.6546743459865874,1.45496435756718,0.7032915350216771,0.714429335324424,-1.4339510433180431,0.6583041859643514,-1.2252266946542358,-0.28955039096413204,0,0,0,1,0,0,0,0,0,0
-1.2859182667777618,-0.026487590347751562,-1.3715993722524027,-0.5049600820107247,1.5164568153808526,-0.9618198083953245,0.04183603584058977,0.016933183026203977,-1.4183351616178823,0.016701592850626282,-0.7147625209527175,-1.1724208624144714,-0.2162998869704078,0,0,0,0,0,0,0,0,1,0
1.6215264148347022,0.6737061023232428,1.0223584345549155,1.455549048656712,1.5164568153808526,1.0005508073911094,-1.3712922858860004,-1.3557835209647422,-1.4183351616178823,-0.7086247252337085,1.3448375394228858,-0.03709546925953718,-0.2508972537089326,0,0,0,1,0,0,0,0,0,0
0.2999606504654003,-0.026487590347751562,-1.1489056227819545,1.455549048656712,1.1305188732496019,-1.2888815776930636,-0.6647281250227053,1.38964988701715,0.0035078363436552087,0.016701592850626282,-1.401295874411252,-1.0476070771204828,0.24227248307294838,0,0,1,0,0,0,0,0,0,0
-0.757291961030041,0.6737061023232428,1.5234193708634238,-0.11285825587723738,1.1305188732496019,0.3464272687956314,0.04183603584058977,0.016933183026203977,1.4253508343051926,1.4673542290192958,-1.401295874411252,0.334945621520621,-0.2769416976537369,0,1,0,0,0,0,0,0,0,0
-0.22866565528232038,1.3738997949942373,-1.594293121722851,-0.5049600820107247,0.3586429889871002,0.01936549949789241,-0.6647281250227053,0.7032915350216771,0.714429335324424,-0.7086247252337085,-1.401295874411252,-1.2780325268940003,-0.2822383976955963,0,1,0,0,0,0,0,0,0,0
-0.757291961030041,0.6737061023232428,1.3563990587605876,-0.5049600820107247,0.744580931118351,0.01936549949789241,-1.3712922858860004,-1.3557835209647422,1.4253508343051926,0.016701592850626282,-0.028229167494183048,0.4011929383305071,-0.2822383976955963,0,0,0,0,0,0,1,0,0,0
-1.550231419651622,-0.7266812830187459,-0.42515093700299794,-0.897061908144212,1.1305188732496019,0.6734890380933704,1.45496435756718,-1.3557835209647422,-0.7074136626371136,0.016701592850626282,0.6583041859643514,-0.6731657212385174,-0.30629202343901013,0,0,0,0,0,0,0,0,0,1
0.2999606504654003,1.3738997949942373,1.4677459334958118,-0.5049600820107247,0.3586429889871002,-0.6347580390975855,1.45496435756718,-1.3557835209647422,-1.4183351616178823,0.742027910934961,-0.028229167494183048,0.6581813218973606,-0.2524597154326079,0,0,0,0,0,0,0,1,0,0
0.2999606504654003,0.6737061023232428,1.5234193708634238,-0.897061908144212,-0.4132328952754016,-1.6159433469908027,-1.3712922858860004,1.38964988701715,-0.7074136626371136,0.016701592850626282,-0.028229167494183048,1.25664742061469,1.2409412000562576,0,0,0,0,0,0,0,1,0,0
0.8285869562131211,-1.4268749756897403,-0.2024571875325497,1.0634472225232248,1.1305188732496019,0.6734890380933704,0.7484001967038848,-0.6694251689692691,0.0035078363436552087,0.742027910934961,1.3448375394228858,-0.5579529963517587,-0.2510336940284648,0,0,0,0,0,0,0,0,1,0
1.6215264148347022,-0.7266812830187459,-1.0375587480467305,1.0634472225232248,-0.027294953144150712,-0.3076962697998466,1.45496435756718,-0.6694251689692691,1.4253508343051926,1.4673542290192958,-0.028229167494183048,-0.8819887850957673,-0.19442760048595503,0,0,0,0,0,0,1,0,0,0
1.3572132619608417,-0.7266812830187459,1.5234193708634238,-0.897061908144212,0.3586429889871002,1.6546743459865874,-1.3712922858860004,-0.6694251689692691,-1.4183351616178823,0.742027910934961,-1.401295874411252,0.6933852100572033,-0.31285736950758974,0,0,1,0,0,0,0,0,0,0
-0.22866565528232038,0.6737061023232428,-0.6478446864734462,-0.11285825587723738,0.3586429889871002,-0.9618198083953245,1.45496435756718,0.016933183026203977,0.0035078363436552087,0.742027910934961,1.3448375394228858,-0.6795664281766706,-0.178934730892801,0,0,0,0,0,0,1,0,0,0
-0.22866565528232038,1.3738997949942373,1.3563990587605876,-0.11285825587723738,-0.7991708374066524,-0.6347580390975855,0.7484001967038848,-0.6694251689692691,0.0035078363436552087,0.742027910934961,1.3448375394228858,1.520676581813512,-0.22714783550906786,0,0,0,0,0,0,1,0,0,0
0.5642738033392607,-1.4268749756897403,-0.42515093700299794,-1.6812655604111868,0.744580931118351,-1.6159433469908027,-1.3712922858860004,0.016933183026203977,0.0035078363436552087,-0.7086247252337085,-0.7147625209527175,-0.6126790406729691,-0.3283953552032282,0,0,0,0,0,0,1,0,0,0
-1.2859182667777618,-1.4268749756897403,0.7439912477168552,-0.5049600820107247,1.1305188732496019,-1.2888815776930636,-0.6647281250227053,1.38964988701715,-1.4183351616178823,1.4673542290192958,-1.401295874411252,-0.06829891558303443,-0.114394915849662,0,0,0,0,1,0,0,0,0,0
0.5642738033392607,0.6737061023232428,-0.6478446864734462,-1.2891637342776994,-0.7991708374066524,1.0005508073911094,-0.6647281250227053,1.38964988701715,-0.7074136626371136,-0.7086247252337085,-1.401295874411252,-0.3803333788180057,-0.3187080925164413,0,0,0,0,0,0,0,0,0,1
-1.550231419651622,-1.4268749756897403,-1.0375587480467305,-1.6812655604111868,1.5164568153808526,1.3276125766888485,-0.6647281250227053,-0.6694251689692691,-0.7074136626371136,0.742027910934961,1.3448375394228858,-1.0140033656951783,-0.3283953552032282,0,0,0,1,0,0,0,0,0,0
0.8285869562131211,0.6737061023232428,1.4120724961281998,0.6713453963897373,-1.1851087795379034,1.0005508073911094,0.04183603584058977,-0.6694251689692691,-0.7074136626371136,1.4673542290192958,-0.7147625209527175,2.143785402242732,-0.2702717790825065,0,0,0,0,0,0,0,0,0,1
1.6215264148347022,-0.7266812830187459,0.40995062351118283,-1.6812655604111868,0.744580931118351,1.6546743459865874,1.45496435756718,0.7032915350216771,1.4253508343051926,0.016701592850626282,0.6583041859643514,-0.13742655051508965,-0.3283953552032282,0,0,0,0,0,0,0,0,0,1
1.6215264148347022,-1.4268749756897403,1.1337053092901395,1.0634472225232248,1.1305188732496019,-1.2888815776930636,-1.3712922858860004,-0.6694251689692691,-1.4183351616178823,0.016701592850626282,-0.028229167494183048,0.1333233529687933,0.17093900328842626,0,0,0,0,0,0,0,0,1,0
-0.22866565528232038,-0.7266812830187459,-0.6478446864734462,-0.897061908144212,0.3586429889871002,-0.6347580390975855,1.45496435756718,-0.6694251689692691,-1.4183351616178823,0.016701592850626282,-1.401295874411252,-0.6795664281766706,-0.27777159535614804,0,0,0,0,0,0,0,1,0,0
-0.22866565528232038,-1.4268749756897403,1.0223584345549155,0.6713453963897373,-0.027294953144150712,1.3276125766888485,1.45496435756718,-0.6694251689692691,-1.4183351616178823,0.742027910934961,1.3448375394228858,0.5833730595576944,-0.2766589852496188,0,1,0,0,0,0,0,0,0,0
0.8285869562131211,-1.4268749756897403,-0.7035181238410582,-1.6812655604111868,0.744580931118351,-1.2888815776930636,0.7484001967038848,-1.3557835209647422,0.714429335324424,1.4673542290192958,-0.7147625209527175,-0.7710965373922622,-0.3283953552032282,0,0,0,0,1,0,0,0,0,0
-0.757291961030041,-1.4268749756897403,1.69043968296626,1.0634472225232248,-0.4132328952754016,1.6546743459865874,-0.6647281250227053,0.7032915350216771,-0.7074136626371136,-0.7086247252337085,-1.401295874411252,1.3924338463740844,-0.2740124052684936,0,0,1,0,0,0,0,0,0,0
0.2999606504654003,0.6737061023232428,-1.5386196843552389,0.27924357025624996,1.1305188732496019,-1.2888815776930636,-0.6647281250227053,-0.6694251689692691,1.4253508343051926,0.016701592850626282,-1.401295874411252,-1.2492293456723105,0.02827204371938216,1,0,0,0,0,0,0,0,0,0
0.8285869562131211,1.3738997949942373,-0.7035181238410582,-0.11285825587723738,1.5164568153808526,-1.2888815776930636,-0.6647281250227053,-1.3557835209647422,-0.7074136626371136,-1.4339510433180431,-1.401295874411252,-0.8555858689758852,-0.043061436065139916,0,0,0,0,0,0,0,1,0,0
-1.2859182667777618,-1.4268749756897403,-0.8705384359438944,-1.6812655604111868,-0.7991708374066524,-0.9618198083953245,0.7484001967038848,-1.3557835209647422,1.4253508343051926,0.016701592850626282,1.3448375394228858,-0.5915567077770633,-0.3283953552032282,0,0,0,0,0,0,0,1,0,0
0.5642738033392607,0.6737061023232428,0.9666849971873034,0.6713453963897373,-1.1851087795379034,1.0005508073911094,0.7484001967038848,1.38964988701715,1.4253508343051926,-0.7086247252337085,-0.7147625209527175,1.6368494127409938,-0.2702717790825065,0,0,0,0,0,0,0,0,1,0
1.3572132619608417,-1.4268749756897403,-1.3159259348847907,0.6713453963897373,0.744580931118351,1.3276125766888485,-0.6647281250227053,1.38964988701715,-1.4183351616178823,-0.7086247252337085,1.3448375394228858,-1.1196150301747072,-0.2766589852496188,0,0,0,0,0,0,0,0,1,0
-1.0216051139039015,1.3738997949942373,-1.5386196843552389,0.27924357025624996,-1.5710467216691542,1.6546743459865874,1.45496435756718,1.38964988701715,1.4253508343051926,-0.7086247252337085,-1.401295874411252,-1.1988237785343536,-0.28955039096413204,0,0,0,1,0,0,0,0,0,0
-1.550231419651622,0.6737061023232428,1.2450521840253637,1.0634472225232248,-0.7991708374066524,0.3464272687956314,0.7484001967038848,-1.3557835209647422,1.4253508343051926,0.016701592850626282,-0.028229167494183048,1.415064917333983,-0.23835145449161838,0,1,0,0,0,0,0,0,0,0
1.3572132619608417,-0.7266812830187459,1.0223584345549155,-0.5049600820107247,1.5164568153808526,-1.2888815776930636,-0.6647281250227053,-0.6694251689692691,0.714429335324424,0.016701592850626282,-1.401295874411252,-0.03709546925953718,-0.114394915849662,0,0,0,0,0,0,1,0,0,0
-1.0216051139039015,-0.026487590347751562,-0.6478446864734462,1.0634472225232248,-0.7991708374066524,0.3464272687956314,1.45496435756718,1.38964988701715,0.714429335324424,-1.4339510433180431,-0.7147625209527175,-0.3803333788180057,-0.23835145449161838,0,1,0,0,0,0,0,0,0,0
1.6215264148347022,-1.4268749756897403,0.2429303114083467,-1.2891637342776994,1.1305188732496019,0.01936549949789241,0.7484001967038848,-0.6694251689692691,0.0035078363436552087,-0.7086247252337085,-0.7147625209527175,-0.32752754657824135,-0.31300970270068423,0,0,1,0,0,0,0,0,0,0
1.0929001090869814,-0.7266812830187459,0.7996646850844672,0.27924357025624996,-0.4132328952754016,0.6734890380933704,0.7484001967038848,0.7032915350216771,-1.4183351616178823,-1.4339510433180431,0.6583041859643514,0.6682395756573156,-0.27313702579268295,0,0,0,0,0,1,0,0,0,0
-1.2859182667777618,1.3738997949942373,-1.5386196843552389,-0.11285825587723738,-1.5710467216691542,0.6734890380933704,0.04183603584058977,0.7032915350216771,-1.4183351616178823,1.4673542290192958,-1.401295874411252,-1.1988237785343536,-0.284188691674792,0,0,0,0,0,0,0,0,0,1
1.6215264148347022,-1.4268749756897403,1.69043968296626,1.455549048656712,0.3586429889871002,0.6734890380933704,-1.3712922858860004,-1.3557835209647422,0.714429335324424,1.4673542290192958,1.3448375394228858,0.7989968745367322,-0.23998202814635577,0,0,0,1,0,0,0,0,0,0
-1.0216051139039015,1.3738997949942373,-1.3159259348847907,-1.2891637342776994,0.3586429889871002,1.6546743459865874,-1.3712922858860004,-0.6694251689692691,0.714429335324424,0.742027910934961,-0.028229167494183048,-1.1020130860947857,-0.320626362355409,0,0,0,0,0,0,0,0,1,0
0.5642738033392607,-1.4268749756897403,-1.5386196843552389,-1.6812655604111868,-0.027294953144150712,-0.6347580390975855,-1.3712922858860004,-1.3557835209647422,-0.7074136626371136,1.4673542290192958,-1.401295874411252,-1.238428152714177,-0.3283953552032282,0,0,1,0,0,0,0,0,0,0
-1.0216051139039015,-1.4268749756897403,-0.48082437437061,1.455549048656712,1.1305188732496019,0.6734890380933704,0.04183603584058977,1.38964988701715,0.0035078363436552087,-0.7086247252337085,-0.028229167494183048,-0.701968902460207,-0.23998202814635577,0,1,0,0,0,0,0,0,0,0
1.3572132619608417,-0.026487590347751562,-0.536497811738222,0.6713453963897373,-1.1851087795379034,1.3276125766888485,1.45496435756718,1.38964988701715,1.4253508343051926,1.4673542290192958,-0.7147625209527175,-0.07405955182737237,-0.2766589852496188,0,0,0,0,0,0,1,0,0,0
-1.0216051139039015,-0.7266812830187459,0.40995062351118283,-1.2891637342776994,0.744580931118351,0.6734890380933704,0.04183603584058977,0.7032915350216771,0.0035078363436552087,0.016701592850626282,1.3448375394228858,-0.13742655051508965,-0.31734368932111917,0,0,0,0,0,0,0,0,0,1
-0.4929788081561807,-1.4268749756897403,-0.6478446864734462,-1.6812655604111868,-0.4132328952754016,-0.6347580390975855,1.45496435756718,1.38964988701715,-0.7074136626371136,0.742027910934961,0.6583041859643514,-0.5085761142574335,-0.3283953552032282,0,0,0,0,0,0,1,0,0,0
1.3572132619608417,-1.4268749756897403,-1.2045790601495667,0.27924357025624996,-0.4132328952754016,-0.6347580390975855,1.45496435756718,-1.3557835209647422,1.4253508343051926,1.4673542290192958,-0.7147625209527175,-0.9611975334554139,-0.20183595558552778,0,0,0,0,0,0,1,0,0,0
-0.757291961030041,1.3738997949942373,-0.14678375016493767,0.6713453963897373,-0.4132328952754016,1.3276125766888485,0.7484001967038848,1.38964988701715,0.0035078363436552087,0.016701592850626282,0.6583041859643514,-0.10121683697925102,-0.2766589852496188,0,1,0,0,0,0,0,0,0,0
-1.0216051139039015,-1.4268749756897403,1.0223584345549155,0.6713453963897373,0.744580931118351,1.0005508073911094,-1.3712922858860004,0.7032915350216771,-0.7074136626371136,-1.4339510433180431,0.6583041859643514,0.21109194226735528,-0.2702717790825065,0,0,0,0,0,1,0,0,0,0
-1.2859182667777618,0.6737061023232428,-0.42515093700299794,-0.11285825587723738,-0.027294953144150712,-1.6159433469908027,-1.3712922858860004,-1.3557835209647422,-1.4183351616178823,-0.7086247252337085,1.3448375394228858,-0.4463406691177112,2.810277755315743,0,1,0,0,0,0,0,0,0,0
1.0929001090869814,1.3738997949942373,-1.482946246987627,-0.5049600820107247,-1.1851087795379034,1.0005508073911094,1.45496435756718,0.7032915350216771,0.714429335324424,0.016701592850626282,-0.7147625209527175,-1.1512985295185656,-0.29933356714286735,0,0,0,0,0,0,0,0,1,0
0.8285869562131211,0.6737061023232428,0.9110115598196913,-0.897061908144212,-0.4132328952754016,-0.3076962697998466,0.7484001967038848,-0.6694251689692691,-0.7074136626371136,0.016701592850626282,-0.7147625209527175,0.7587638594969118,-0.2901188538554359,0,0,0,0,0,0,0,0,1,0
-1.2859182667777618,0.6737061023232428,1.5234193708634238,1.455549048656712,0.744580931118351,1.3276125766888485,-0.6647281250227053,1.38964988701715,-0.7074136626371136,-1.4339510433180431,-0.028229167494183048,0.4962434363620832,-0.25941352859841565,0,0,0,0,0,0,0,1,0,0
-0.4929788081561807,-0.026487590347751562,-1.594293121722851,-0.897061908144212,-0.7991708374066524,-0.6347580390975855,-0.6647281250227053,1.38964988701715,0.0035078363436552087,0.016701592850626282,0.6583041859643514,-1.2780325268940003,-0.27777159535614804,0,0,0,0,1,0,0,0,0,0
0.8285869562131211,0.6737061023232428,1.0223584345549155,1.455549048656712,0.744580931118351,-1.6159433469908027,-0.6647281250227053,0.7032915350216771,1.4253508343051926,-1.4339510433180431,-1.401295874411252,0.21109194226735528,5.948950865834715,0,0,0,0,0,1,0,0,0,0
-0.757291961030041,1.3738997949942373,-0.9818853106791184,0.6713453963897373,-0.7991708374066524,-0.6347580390975855,0.7484001967038848,-1.3557835209647422,-0.7074136626371136,0.742027910934961,1.3448375394228858,-0.697168372256592,-0.17652407566198766,0,0,0,0,0,0,0,0,1,0
-1.2859182667777618,-0.026487590347751562,-0.03543687542971356,1.0634472225232248,-1.5710467216691542,1.3276125766888485,-1.3712922858860004,-1.3557835209647422,0.0035078363436552087,-1.4339510433180431,-0.028229167494183048,0.9398124271761039,-0.2680362569240172,0,0,0,0,0,0,0,1,0,0
-1.550231419651622,0.6737061023232428,0.4656240608787949,-1.2891637342776994,-0.4132328952754016,0.01936549949789241,0.04183603584058977,1.38964988701715,0.714429335324424,0.016701592850626282,1.3448375394228858,0.39666672413852727,-0.31300970270068423,0,0,0,0,0,1,0,0,0,0
0.5642738033392607,1.3738997949942373,0.6883178103492431,-1.6812655604111868,-1.1851087795379034,-1.2888815776930636,-1.3712922858860004,-1.3557835209647422,0.0035078363436552087,1.4673542290192958,0.6583041859643514,1.3200144193024077,-0.3283953552032282,0,0,0,0,0,0,1,0,0,0
0.035647497591539984,1.3738997949942373,-1.0375587480467305,0.27924357025624996,1.1305188732496019,-0.6347580390975855,-0.6647281250227053,-1.3557835209647422,1.4253508343051926,1.4673542290192958,0.6583041859643514,-0.9900007146771036,-0.20183595558552778,0,0,0,1,0,0,0,0,0,0
-0.22866565528232038,1.3738997949942373,1.579092808231036,1.455549048656712,-1.1851087795379034,-0.6347580390975855,0.04183603584058977,0.7032915350216771,1.4253508343051926,-0.7086247252337085,-0.028229167494183048,2.3338863983058835,-0.1259003158149075,1,0,0,0,0,0,0,0,0,0
0.8285869562131211,-1.4268749756897403,-0.3138040622677738,1.455549048656712,1.1305188732496019,-0.3076962697998466,0.7484001967038848,0.016933183026203977,0.714429335324424,-0.7086247252337085,-1.401295874411252,-0.615559358795138,-0.17528934981205885,0,0,0,0,0,0,1,0,0,0
-0.4929788081561807,-0.026487590347751562,-1.594293121722851,-1.6812655604111868,-0.4132328952754016,0.6734890380933704,1.45496435756718,0.016933183026203977,1.4253508343051926,0.016701592850626282,-0.7147625209527175,-1.2780325268940003,-0.3283953552032282,0,0,0,0,1,0,0,0,0,0
0.8285869562131211,-0.7266812830187459,1.4120724961281998,0.6713453963897373,-0.7991708374066524,1.6546743459865874,-1.3712922858860004,1.38964988701715,0.714429335324424,-0.7086247252337085,-1.401295874411252,1.5734824140532768,-0.2817813981163128,0,0,0,0,0,0,1,0,0,0
0.2999606504654003,1.3738997949942373,-1.1489056227819545,0.27924357025624996,-1.5710467216691542,1.6546743459865874,-1.3712922858860004,1.38964988701715,-1.4183351616178823,-1.4339510433180431,-0.028229167494183048,-0.6443625400168277,-0.28955039096413204,0,0,1,0,0,0,0,0,0,0
0.8285869562131211,-0.026487590347751562,-0.42515093700299794,-1.6812655604111868,-0.4132328952754016,1.0005508073911094,-0.6647281250227053,0.7032915350216771,-0.7074136626371136,-1.4339510433180431,0.6583041859643514,-0.32752754657824135,-0.3283953552032282,0,1,0,0,0,0,0,0,0,0
-1.550231419651622,1.3738997949942373,0.07590999930551054,-1.2891637342776994,-1.5710467216691542,-0.3076962697998466,0.7484001967038848,-0.6694251689692691,1.4253508343051926,0.016701592850626282,-0.028229167494183048,1.098229923895397,-0.309257104529332,0,0,0,0,0,1,0,0,0,0
-0.22866565528232038,1.3738997949942373,0.7996646850844672,-0.11285825587723738,1.5164568153808526,1.3276125766888485,-0.6647281250227053,1.38964988701715,-0.7074136626371136,-1.4339510433180431,0.6583041859643514,-0.14270713373906607,-0.29390444190082193,0,0,1,0,0,0,0,0,0,0
1.0929001090869814,-1.4268749756897403,-1.427272809620015,-0.5049600820107247,-0.4132328952754016,1.0005508073911094,0.04183603584058977,-1.3557835209647422,1.4253508343051926,-1.4339510433180431,1.3448375394228858,-1.1422461011346061,-0.29933356714286735,0,1,0,0,0,0,0,0,0,0
-1.2859182667777618,-0.7266812830187459,0.632644372981631,-1.6812655604111868,-0.4132328952754016,1.3276125766888485,-1.3712922858860004,-1.3557835209647422,-0.7074136626371136,0.742027910934961,-0.028229167494183048,0.5324531498979216,-0.3283953552032282,0,0,0,0,0,0,1,0,0,0
-0.757291961030041,0.6737061023232428,-1.5386196843552389,-0.897061908144212,1.5164568153808526,-0.9618198083953245,1.45496435756718,-0.6694251689692691,1.4253508343051926,-0.7086247252337085,1.3448375394228858,-1.251629610774118,-0.25366504304801457,0,0,0,0,0,0,0,0,0,1
0.2999606504654003,-0.026487590347751562,-1.482946246987627,1.455549048656712,1.5164568153808526,-0.6347580390975855,0.04183603584058977,0.7032915350216771,1.4253508343051926,-0.7086247252337085,-1.401295874411252,-1.2252266946542358,-0.1259003158149075,0,0,1,0,0,0,0,0,0,0
1.3572132619608417,0.6737061023232428,-1.3715993722524027,-1.2891637342776994,0.744580931118351,0.6734890380933704,-0.6647281250227053,-1.3557835209647422,0.0035078363436552087,0.016701592850626282,-1.401295874411252,-1.1512985295185656,-0.31734368932111917,1,0,0,0,0,0,0,0,0,0
-0.757291961030041,-0.7266812830187459,-0.42515093700299794,1.455549048656712,-0.7991708374066524,1.3276125766888485,0.04183603584058977,1.38964988701715,0.0035078363436552087,0.016701592850626282,-0.028229167494183048,-0.16911004985894817,-0.25941352859841565,0,0,1,0,0,0,0,0,0,0
0.035647497591539984,0.6737061023232428,-1.2045790601495667,-0.897061908144212,0.744580931118351,-1.2888815776930636,-1.3712922858860004,-1.3557835209647422,1.4253508343051926,0.016701592850626282,-1.401295874411252,-1.05624803148699,-0.18572839563418406,0,0,0,0,0,1,0,0,0,0
0.2999606504654003,0.6737061023232428,0.07590999930551054,1.0634472225232248,-0.4132328952754016,1.0005508073911094,-0.6647281250227053,-1.3557835209647422,0.714429335324424,-0.7086247252337085,1.3448375394228858,0.07983173069994111,-0.26058451639571956,0,1,0,0,0,0,0,0,0,0
-0.22866565528232038,-0.7266812830187459,-0.9262118733115063,-1.6812655604111868,0.3586429889871002,1.6546743459865874,-0.6647281250227053,-1.3557835209647422,-1.4183351616178823,0.016701592850626282,0.6583041859643514,-0.8555858689758852,-0.3283953552032282,0,0,0,0,0,1,0,0,0,0
-1.2859182667777618,1.3738997949942373,1.1337053092901395,0.27924357025624996,1.5164568153808526,-0.6347580390975855,-0.6647281250227053,1.38964988701715,-1.4183351616178823,0.016701592850626282,-1.401295874411252,0.015710362980227262,-0.20183595558552778,0,0,0,0,0,1,0,0,0,0
0.5642738033392607,0.6737061023232428,0.5212974982464069,-0.897061908144212,0.3586429889871002,-0.3076962697998466,0.04183603584058977,-0.6694251689692691,0.714429335324424,0.016701592850626282,-0.7147625209527175,0.05971522318003076,-0.2901188538554359,0,0,0,0,0,0,0,0,0,1
-1.2859182667777618,-0.7266812830187459,1.5234193708634238,1.455549048656712,0.744580931118351,-1.6159433469908027,-0.6647281250227053,0.7032915350216771,-1.4183351616178823,0.742027910934961,-0.028229167494183048,0.4962434363620832,5.948950865834715,0,0,1,0,0,0,0,0,0,0
-0.757291961030041,-0.7266812830187459,-0.7591915612086703,-1.2891637342776994,-1.5710467216691542,0.6734890380933704,-0.6647281250227053,0.016933183026203977,-0.7074136626371136,-0.7086247252337085,-1.401295874411252,-0.08990130149930163,-0.31734368932111917,0,1,0,0,0,0,0,0,0,0
0.8285869562131211,0.6737061023232428,0.576970935614019,-0.5049600820107247,-1.5710467216691542,0.3464272687956314,-1.3712922858860004,0.016933183026203977,-1.4183351616178823,1.4673542290192958,0.6583041859643514,1.811108659132216,-0.2898051120411097,0,0,0,0,0,0,0,0,1,0
0.5642738033392607,0.6737061023232428,-0.03543687542971356,1.0634472225232248,1.5164568153808526,1.0005508073911094,-1.3712922858860004,1.38964988701715,-1.4183351616178823,0.742027910934961,-0.028229167494183048,-0.538750875537299,-0.26058451639571956,0,0,0,0,0,0,0,1,0,0
-1.2859182667777618,0.6737061023232428,1.5234193708634238,0.27924357025624996,-1.1851087795379034,-0.6347580390975855,-0.6647281250227053,0.7032915350216771,-0.7074136626371136,0.742027910934961,0.6583041859643514,2.2705193996181667,-0.20183595558552778,0,0,0,0,0,0,0,1,0,0
0.035647497591539984,0.6737061023232428,-0.25813062490016175,0.6713453963897373,1.5164568153808526,0.01936549949789241,-0.6647281250227053,-0.6694251689692691,-1.4183351616178823,-0.7086247252337085,1.3448375394228858,-0.6443625400168277,-0.23608144018796431,0,0,1,0,0,0,0,0,0,0
0.2999606504654003,-0.026487590347751562,-1.482946246987627,1.455549048656712,-0.7991708374066524,-1.2888815776930636,0.7484001967038848,-1.3557835209647422,0.0035078363436552087,-0.7086247252337085,-0.028229167494183048,-1.1724208624144714,0.24227248307294838,0,0,0,0,0,0,1,0,0,0
-1.550231419651622,1.3738997949942373,-0.6478446864734462,-1.6812655604111868,1.1305188732496019,-0.3076962697998466,-1.3712922858860004,-0.6694251689692691,-1.4183351616178823,0.742027910934961,1.3448375394228858,-0.7883784461252761,-0.3283953552032282,0,0,0,0,1,0,0,0,0,0
0.035647497591539984,-0.026487590347751562,1.1337053092901395,-0.5049600820107247,-1.5710467216691542,-0.3076962697998466,0.7484001967038848,0.016933183026203977,0.714429335324424,-1.4339510433180431,0.6583041859643514,2.603196142728682,-0.2709806031815397,0,0,0,1,0,0,0,0,0,0
1.0929001090869814,1.3738997949942373,-1.3715993722524027,1.0634472225232248,-0.7991708374066524,0.6734890380933704,-0.6647281250227053,1.38964988701715,0.0035078363436552087,1.4673542290192958,-0.028229167494183048,-1.0668091979349428,-0.2510336940284648,1,0,0,0,0,0,0,0,0,0
-1.0216051139039015,1.3738997949942373,1.0780318719225275,1.0634472225232248,0.3586429889871002,-0.3076962697998466,1.45496435756718,1.38964988701715,0.0035078363436552087,-0.7086247252337085,-1.401295874411252,0.41175410477846,-0.19442760048595503,0,0,0,0,0,0,0,0,0,1
-1.2859182667777618,-1.4268749756897403,0.40995062351118283,-1.2891637342776994,-1.5710467216691542,-1.6159433469908027,0.7484001967038848,1.38964988701715,-1.4183351616178823,0.742027910934961,-1.401295874411252,1.5734824140532768,0.4562729224265147,0,0,0,0,0,0,1,0,0,0
1.6215264148347022,0.6737061023232428,1.69043968296626,-0.5049600820107247,-1.5710467216691542,0.3464272687956314,-1.3712922858860004,0.7032915350216771,1.4253508343051926,0.016701592850626282,1.3448375394228858,3.395283626325148,-0.2898051120411097,0,0,0,1,0,0,0,0,0,0
1.6215264148347022,0.6737061023232428,-0.2024571875325497,0.6713453963897373,1.1305188732496019,-0.9618198083953245,1.45496435756718,1.38964988701715,0.714429335324424,-0.7086247252337085,1.3448375394228858,-0.5579529963517587,-0.1042044187375874,0,0,0,0,0,0,1,0,0,0
-1.0216051139039015,-0.026487590347751562,-0.8705384359438944,1.0634472225232248,1.5164568153808526,-1.6159433469908027,0.7484001967038848,0.016933183026203977,0.0035078363436552087,-0.7086247252337085,-0.028229167494183048,-0.9347946173355317,5.164282588204972,0,0,0,0,0,1,0,0,0,0
1.0929001090869814,-0.7266812830187459,-1.482946246987627,0.6713453963897373,-0.027294953144150712,-0.6347580390975855,-0.6647281250227053,-0.6694251689692691,0.714429335324424,0.742027910934961,-0.028229167494183048,-1.1988237785343536,-0.17652407566198766,0,0,0,0,1,0,0,0,0,0
0.2999606504654003,-1.4268749756897403,1.3007256213929757,-0.11285825587723738,-0.4132328952754016,1.3276125766888485,0.04183603584058977,-0.6694251689692691,-1.4183351616178823,0.742027910934961,-1.401295874411252,1.0755988529354983,-0.29390444190082193,0,0,0,0,0,0,0,1,0,0
-1.2859182667777618,0.6737061023232428,-1.5386196843552389,-1.6812655604111868,1.1305188732496019,1.6546743459865874,0.7484001967038848,0.7032915350216771,-1.4183351616178823,1.4673542290192958,-0.028229167494183048,-1.2492293456723105,-0.3283953552032282,0,0,1,0,0,0,0,0,0,0
0.8285869562131211,0.6737061023232428,0.632644372981631,-0.11285825587723738,-0.4132328952754016,0.6734890380933704,0.04183603584058977,1.38964988701715,0.714429335324424,-0.7086247252337085,-0.7147625209527175,0.5324531498979216,-0.284188691674792,0,0,0,1,0,0,0,0,0,0
-0.757291961030041,0.6737061023232428,-1.3715993722524027,-1.2891637342776994,-1.5710467216691542,1.0005508073911094,-0.6647281250227053,0.7032915350216771,-1.4183351616178823,1.4673542290192958,0.6583041859643514,-0.9611975334554139,-0.3187080925164413,0,0,0,0,0,1,0,0,0,0
-0.22866565528232038,-0.7266812830187459,-0.14678375016493767,1.455549048656712,1.5164568153808526,-0.9618198083953245,-0.6647281250227053,-1.3557835209647422,-1.4183351616178823,0.016701592850626282,-0.028229167494183048,-0.5915567077770633,-0.029474106582373816,0,0,0,0,0,0,0,0,0,1
0.035647497591539984,-0.7266812830187459,-1.1489056227819545,-1.2891637342776994,-0.7991708374066524,0.6734890380933704,0.7484001967038848,-0.6694251689692691,0.714429335324424,0.742027910934961,-1.401295874411252,-0.8555858689758852,-0.31734368932111917,0,0,0,1,0,0,0,0,0,0
-1.0216051139039015,0.6737061023232428,-0.42515093700299794,-0.897061908144212,0.3586429889871002,0.3464272687956314,0.04183603584058977,0.016933183026203977,1.4253508343051926,0.742027910934961,-0.7147625209527175,-0.538750875537299,-0.3026685264284825,0,0,0,0,0,0,0,0,1,0
-1.550231419651622,0.6737061023232428,-1.3159259348847907,-0.5049600820107247,1.1305188732496019,0.01936549949789241,0.7484001967038848,0.016933183026203977,-0.7074136626371136,-1.4339510433180431,-1.401295874411252,-1.134016620785552,-0.2822383976955963,0,0,0,0,0,1,0,0,0,0
0.2999606504654003,-0.026487590347751562,1.2450521840253637,-1.6812655604111868,1.5164568153808526,0.3464272687956314,0.7484001967038848,0.7032915350216771,1.4253508343051926,0.742027910934961,-1.401295874411252,0.06851619521999146,-0.3283953552032282,0,0,0,0,0,1,0,0,0,0
1.6215264148347022,-1.4268749756897403,0.6883178103492431,-0.11285825587723738,-0.4132328952754016,-0.9618198083953245,0.04183603584058977,-0.6694251689692691,-0.7074136626371136,-0.7086247252337085,-1.401295874411252,0.5777152918177196,-0.178934730892801,0,0,0,0,0,0,0,1,0,0
-0.757291961030041,-0.7266812830187459,-1.2045790601495667,0.27924357025624996,1.1305188732496019,0.6734890380933704,0.7484001967038848,0.7032915350216771,0.714429335324424,0.742027910934961,0.6583041859643514,-1.0764102583421726,-0.27313702579268295,0,0,0,0,0,0,0,0,1,0
-1.2859182667777618,0.6737061023232428,1.0223584345549155,-0.5049600820107247,1.1305188732496019,0.3464272687956314,0.04183603584058977,-0.6694251689692691,0.714429335324424,-0.7086247252337085,1.3448375394228858,0.07571699052541395,-0.2898051120411097,0,0,0,1,0,0,0,0,0,0
-0.757291961030041,-1.4268749756897403,-0.25813062490016175,-0.5049600820107247,1.1305188732496019,-1.2888815776930636,-1.3712922858860004,1.38964988701715,1.4253508343051926,-0.7086247252337085,0.6583041859643514,-0.5867561775734483,-0.114394915849662,0,0,1,0,0,0,0,0,0,0
1.6215264148347022,1.3738997949942373,-1.1489056227819545,0.6713453963897373,-1.5710467216691542,0.6734890380933704,1.45496435756718,1.38964988701715,-1.4183351616178823,0.742027910934961,0.6583041859643514,-0.6443625400168277,-0.26208535991057386,0,0,0,0,0,0,0,0,0,1
0.5642738033392607,-1.4268749756897403,1.0223584345549155,-0.897061908144212,1.1305188732496019,-1.6159433469908027,0.7484001967038848,-1.3557835209647422,0.714429335324424,-1.4339510433180431,-0.028229167494183048,0.07571699052541395,1.2409412000562576,1,0,0,0,0,0,0,0,0,0
-0.4929788081561807,0.6737061023232428,1.1337053092901395,-0.11285825587723738,-1.1851087795379034,1.0005508073911094,0.7484001967038848,-1.3557835209647422,1.4253508343051926,0.016701592850626282,1.3448375394228858,1.8269504088041455,-0.2896463044560804,0,0,0,0,0,0,0,0,1,0
-1.0216051139039015,-0.026487590347751562,0.18725687404073466,-0.5049600820107247,1.1305188732496019,-1.2888815776930636,-0.6647281250227053,0.016933183026203977,-0.7074136626371136,-0.7086247252337085,1.3448375394228858,-0.3563307277999309,-0.114394915849662,1,0,0,0,0,0,0,0,0,0
1.0929001090869814,0.6737061023232428,-1.3715993722524027,0.27924357025624996,-1.5710467216691542,-0.6347580390975855,-0.6647281250227053,0.016933183026203977,-1.4183351616178823,-0.7086247252337085,0.6583041859643514,-0.9611975334554139,-0.20183595558552778,0,0,0,1,0,0,0,0,0,0
0.035647497591539984,0.6737061023232428,0.3542771861435708,0.27924357025624996,1.5164568153808526,-0.6347580390975855,-0.6647281250227053,-0.6694251689692691,0.0035078363436552087,1.4673542290192958,-0.7147625209527175,-0.35393046269812345,-0.20183595558552778,0,1,0,0,0,0,0,0,0,0
1.0929001090869814,-0.7266812830187459,-1.2045790601495667,-0.897061908144212,-1.1851087795379034,0.3464272687956314,0.04183603584058977,-0.6694251689692691,1.4253508343051926,1.4673542290192958,-1.401295874411252,-0.8344635360799794,-0.3026685264284825,1,0,0,0,0,0,0,0,0,0
1.0929001090869814,1.3738997949942373,1.4120724961281998,1.455549048656712,-1.1851087795379034,-0.3076962697998466,0.04183603584058977,-1.3557835209647422,1.4253508343051926,-1.4339510433180431,-0.028229167494183048,2.143785402242732,-0.17528934981205885,0,0,0,0,0,0,1,0,0,0
1.6215264148347022,0.6737061023232428,-1.5386196843552389,0.6713453963897373,0.744580931118351,1.0005508073911094,-0.6647281250227053,-1.3557835209647422,0.714429335324424,0.016701592850626282,-1.401295874411252,-1.2463490275501417,-0.2702717790825065,0,0,0,0,0,0,0,0,0,1
0.8285869562131211,-1.4268749756897403,-0.48082437437061,-1.2891637342776994,-1.5710467216691542,-0.6347580390975855,0.04183603584058977,0.7032915350216771,0.0035078363436552087,-0.7086247252337085,-1.401295874411252,0.30614244029893134,-0.3030834752796881,1,0,0,0,0,0,0,0,0,0
-0.22866565528232038,0.6737061023232428,0.40995062351118283,-0.897061908144212,-0.7991708374066524,1.3276125766888485,0.04183603584058977,1.38964988701715,0.714429335324424,-0.7086247252337085,-0.7147625209527175,0.6229774337375175,-0.3111498985520251,1,0,0,0,0,0,0,0,0,0
1.0929001090869814,1.3738997949942373,-1.2045790601495667,-1.2891637342776994,1.1305188732496019,-0.3076962697998466,-0.6647281250227053,-1.3557835209647422,0.0035078363436552087,0.016701592850626282,1.3448375394228858,-1.0764102583421726,-0.309257104529332,0,0,1,0,0,0,0,0,0,0
-1.550231419651622,1.3738997949942373,0.02023656193789849,-0.897061908144212,1.5164568153808526,-0.9618198083953245,1.45496435756718,-1.3557835209647422,-1.4183351616178823,0.016701592850626282,0.6583041859643514,-0.5123479594174167,-0.25366504304801457,0,0,0,1,0,0,0,0,0,0
-1.550231419651622,-1.4268749756897403,1.579092808231036,-0.897061908144212,-1.1851087795379034,-1.2888815776930636,0.04183603584058977,-1.3557835209647422,1.4253508343051926,1.4673542290192958,-0.7147625209527175,2.3338863983058835,-0.18572839563418406,0,0,0,0,0,0,1,0,0,0
0.035647497591539984,-0.7266812830187459,1.0780318719225275,0.6713453963897373,1.1305188732496019,-0.3076962697998466,1.45496435756718,-0.6694251689692691,0.0035078363436552087,-0.7086247252337085,1.3448375394228858,0.10452017174710361,-0.2135658511598512,0,0,0,0,0,0,0,1,0,0
0.2999606504654003,-0.7266812830187459,-0.2024571875325497,0.6713453963897373,-0.027294953144150712,-1.6159433469908027,-1.3712922858860004,0.016933183026203977,-1.4183351616178823,0.016701592850626282,-0.028229167494183048,-0.28792317239841797,4.379614310575229,0,0,0,0,0,1,0,0,0,0
0.035647497591539984,1.3738997949942373,0.02023656193789849,0.6713453963897373,-0.027294953144150712,-1.2888815776930636,-0.6647281250227053,1.38964988701715,0.0035078363436552087,1.4673542290192958,-0.7147625209527175,-0.12950567567912477,0.09960552350390424,0,0,0,0,0,0,1,0,0,0
-1.550231419651622,0.6737061023232428,1.0223584345549155,-0.5049600820107247,-1.1851087795379034,-0.9618198083953245,0.7484001967038848,-1.3557835209647422,0.714429335324424,-1.4339510433180431,-0.028229167494183048,1.7002164114287108,-0.2162998869704078,0,0,0,0,0,1,0,0,0,0
0.8285869562131211,0.6737061023232428,0.5212974982464069,1.0634472225232248,-0.4132328952754016,-0.9618198083953245,0.7484001967038848,1.38964988701715,0.714429335324424,1.4673542290192958,-0.7147625209527175,0.4419288660583254,-0.06683926265998061,0,0,0,0,0,0,1,0,0,0
0.5642738033392607,-0.026487590347751562,-1.5386196843552389,1.0634472225232248,-0.7991708374066524,1.3276125766888485,1.45496435756718,-0.6694251689692691,-0.7074136626371136,-1.4339510433180431,0.6583041859643514,-1.2252266946542358,-0.2680362569240172,0,0,1,0,0,0,0,0,0,0
0.035647497591539984,-0.7266812830187459,-1.594293121722851,-0.11285825587723738,0.744580931118351,-1.6159433469908027,0.7484001967038848,1.38964988701715,1.4253508343051926,-1.4339510433180431,1.3448375394228858,-1.2780325268940003,2.810277755315743,0,0,0,0,0,0,0,0,0,1
-1.0216051139039015,1.3738997949942373,-0.09111031279732561,1.0634472225232248,0.3586429889871002,0.6734890380933704,0.04183603584058977,0.7032915350216771,-0.7074136626371136,-0.7086247252337085,-0.7147625209527175,-0.32752754657824135,-0.2510336940284648,0,0,0,0,0,0,1,0,0,0
0.5642738033392607,-0.7266812830187459,0.576970935614019,0.27924357025624996,-1.1851087795379034,0.6734890380933704,1.45496435756718,0.7032915350216771,0.714429335324424,-1.4339510433180431,-1.401295874411252,1.193280421926973,-0.27313702579268295,0,1,0,0,0,0,0,0,0,0
-0.4929788081561807,-0.026487590347751562,1.1893787466577517,0.6713453963897373,-0.7991708374066524,1.3276125766888485,1.45496435756718,1.38964988701715,-0.7074136626371136,0.016701592850626282,1.3448375394228858,1.362259085094219,-0.2766589852496188,1,0,0,0,0,0,0,0,0,0
-1.550231419651622,0.6737061023232428,1.4677459334958118,1.0634472225232248,0.3586429889871002,1.6546743459865874,-0.6647281250227053,0.7032915350216771,-1.4183351616178823,0.742027910934961,-1.401295874411252,0.6581813218973606,-0.2740124052684936,0,0,0,0,0,1,0,0,0,0
-0.4929788081561807,-0.026487590347751562,-1.0932321854143425,-0.897061908144212,1.5164568153808526,-0.9618198083953245,-1.3712922858860004,-1.3557835209647422,0.0035078363436552087,1.4673542290192958,-1.401295874411252,-1.0404062818150606,-0.25366504304801457,0,0,0,0,0,0,0,1,0,0
0.2999606504654003,-1.4268749756897403,-1.594293121722851,-0.11285825587723738,-0.7991708374066524,-1.6159433469908027,-0.6647281250227053,0.016933183026203977,1.4253508343051926,0.742027910934961,-0.7147625209527175,-1.2780325268940003,2.810277755315743,0,1,0,0,0,0,0,0,0,0
1.0929001090869814,1.3738997949942373,0.2429303114083467,-1.6812655604111868,1.1305188732496019,1.6546743459865874,-0.6647281250227053,-0.6694251689692691,0.0035078363436552087,0.016701592850626282,-0.028229167494183048,-0.32752754657824135,-0.3283953552032282,0,1,0,0,0,0,0,0,0,0
-0.4929788081561807,1.3738997949942373,1.5234193708634238,-1.6812655604111868,-0.027294953144150712,0.01936549949789241,-1.3712922858860004,-1.3557835209647422,0.0035078363436552087,1.4673542290192958,-1.401295874411252,0.9398124271761039,-0.3283953552032282,0,0,0,0,0,1,0,0,0,0
0.8285869562131211,-0.026487590347751562,0.632644372981631,-0.11285825587723738,1.5164568153808526,1.6546743459865874,-1.3712922858860004,-0.6694251689692691,0.714429335324424,-1.4339510433180431,1.3448375394228858,-0.2219158820987126,-0.2973193838119513,0,0,0,0,0,0,0,0,1,0
-0.22866565528232038,-1.4268749756897403,0.7996646850844672,0.27924357025624996,1.5164568153808526,1.3276125766888485,-0.6647281250227053,0.7032915350216771,-1.4183351616178823,0.016701592850626282,-0.028229167494183048,-0.14270713373906607,-0.28528171357522036,0,0,0,0,0,0,0,1,0,0
0.5642738033392607,0.6737061023232428,0.02023656193789849,1.455549048656712,1.1305188732496019,0.01936549949789241,1.45496435756718,0.7032915350216771,0.0035078363436552087,-0.7086247252337085,-0.7147625209527175,-0.44274027146499995,-0.20531013518287639,0,0,1,0,0,0,0,0,0,0
-0.757291961030041,1.3738997949942373,-0.6478446864734462,1.0634472225232248,-0.7991708374066524,0.6734890380933704,0.04183603584058977,0.7032915350216771,-0.7074136626371136,0.742027910934961,0.6583041859643514,-0.3803333788180057,-0.2510336940284648,0,0,0,0,0,1,0,0,0,0
0.035647497591539984,-1.4268749756897403,0.6883178103492431,-1.6812655604111868,1.1305188732496019,0.01936549949789241,-1.3712922858860004,-1.3557835209647422,-0.7074136626371136,-1.4339510433180431,-0.028229167494183048,-0.0971020968047241,-0.3283953552032282,0,0,0,1,0,0,0,0,0,0
1.0929001090869814,1.3738997949942373,-1.0932321854143425,-0.5049600820107247,1.1305188732496019,-1.2888815776930636,0.04183603584058977,-0.6694251689692691,-1.4183351616178823,0.742027910934961,-1.401295874411252,-1.0188038958987933,-0.114394915849662,0,0,0,0,0,1,0,0,0,0
-1.550231419651622,-0.7266812830187459,0.7996646850844672,1.0634472225232248,-0.7991708374066524,0.01936549949789241,-1.3712922858860004,1.38964988701715,-0.7074136626371136,0.742027910934961,1.3448375394228858,0.9926182594158681,-0.22069578768542036,0,0,0,0,0,0,1,0,0,0
-1.550231419651622,1.3738997949942373,0.9666849971873034,0.6713453963897373,1.1305188732496019,0.3464272687956314,-1.3712922858860004,1.38964988701715,-0.7074136626371136,0.016701592850626282,0.6583041859643514,0.04691380930372427,-0.2512148688789912,1,0,0,0,0,0,0,0,0,0
1.6215264148347022,-0.026487590347751562,-1.594293121722851,-1.2891637342776994,-0.4132328952754016,-0.3076962697998466,-0.6647281250227053,-1.3557835209647422,1.4253508343051926,-0.7086247252337085,0.6583041859643514,-1.2780325268940003,-0.309257104529332,0,0,0,0,0,0,1,0,0,0
0.035647497591539984,-1.4268749756897403,-0.42515093700299794,1.0634472225232248,0.744580931118351,1.0005508073911094,0.04183603584058977,1.38964988701715,1.4253508343051926,0.016701592850626282,-0.028229167494183048,-0.6126790406729691,-0.26058451639571956,0,0,0,1,0,0,0,0,0,0
-1.550231419651622,-0.7266812830187459,0.02023656193789849,1.455549048656712,-1.1851087795379034,-1.6159433469908027,0.04183603584058977,-1.3557835209647422,-0.7074136626371136,1.4673542290192958,-0.7147625209527175,0.5596104350498005,5.948950865834715,0,0,0,0,0,0,1,0,0,0
0.2999606504654003,-0.7266812830187459,-0.9262118733115063,-1.2891637342776994,-0.027294953144150712,-1.6159433469908027,-1.3712922858860004,-0.6694251689692691,-1.4183351616178823,0.016701592850626282,-0.7147625209527175,-0.8027800367361208,0.4562729224265147,0,0,0,1,0,0,0,0,0,0
-1.550231419651622,0.6737061023232428,0.6883178103492431,-0.897061908144212,-1.5710467216691542,-1.2888815776930636,1.45496435756718,0.016933183026203977,0.0035078363436552087,-1.4339510433180431,-0.7147625209527175,1.9695261558515091,-0.18572839563418406,0,0,0,0,0,0,1,0,0,0
1.6215264148347022,1.3738997949942373,-0.6478446864734462,-1.6812655604111868,-0.7991708374066524,-0.9618198083953245,1.45496435756718,-0.6694251689692691,0.0035078363436552087,0.016701592850626282,-0.028229167494183048,-0.3803333788180057,-0.3283953552032282,1,0,0,0,0,0,0,0,0,0
0.2999606504654003,-0.026487590347751562,0.9110115598196913,0.6713453963897373,-0.4132328952754016,-1.2888815776930636,-1.3712922858860004,0.016933183026203977,0.714429335324424,-1.4339510433180431,-1.401295874411252,0.7587638594969118,0.09960552350390424,0,0,0,0,0,0,0,0,1,0
1.3572132619608417,0.6737061023232428,0.7996646850844672,-0.897061908144212,0.744580931118351,-1.6159433469908027,0.7484001967038848,-1.3557835209647422,-0.7074136626371136,0.742027910934961,-0.7147625209527175,0.08435794489192097,1.2409412000562576,0,0,0,0,0,0,0,1,0,0
-0.22866565528232038,-1.4268749756897403,0.18725687404073466,-1.6812655604111868,1.1305188732496019,0.6734890380933704,1.45496435756718,-0.6694251689692691,0.0035078363436552087,0.742027910934961,-0.028229167494183048,-0.3563307277999309,-0.3283953552032282,0,0,0,0,0,0,0,1,0,0
-0.4929788081561807,-0.7266812830187459,-1.5386196843552389,0.27924357025624996,1.1305188732496019,0.01936549949789241,0.7484001967038848,0.016933183026203977,0.714429335324424,1.4673542290192958,-0.7147625209527175,-1.2492293456723105,-0.2514670926905083,0,1,0,0,0,0,0,0,0,0
0.035647497591539984,1.3738997949942373,0.7996646850844672,0.6713453963897373,1.5164568153808526,0.01936549949789241,0.7484001967038848,-1.3557835209647422,1.4253508343051926,-0.7086247252337085,1.3448375394228858,-0.14270713373906607,-0.23608144018796431,0,0,0,1,0,0,0,0,0,0
0.035647497591539984,-0.7266812830187459,1.634766245598648,0.6713453963897373,-1.1851087795379034,-0.6347580390975855,-0.6647281250227053,1.38964988701715,-0.7074136626371136,-0.7086247252337085,1.3448375394228858,2.397253396993601,-0.17652407566198766,0,0,0,0,0,0,0,0,1,0
-1.550231419651622,1.3738997949942373,-0.8148649985762823,-0.897061908144212,-1.1851087795379034,0.01936549949789241,1.45496435756718,0.7032915350216771,1.4253508343051926,0.016701592850626282,-1.401295874411252,-0.3908945452659585,-0.29762405019814026,0,0,0,1,0,0,0,0,0,0
1.6215264148347022,1.3738997949942373,-0.03543687542971356,1.0634472225232248,1.1305188732496019,0.3464272687956314,-0.6647281250227053,0.016933183026203977,0.0035078363436552087,0.016701592850626282,-0.7147625209527175,-0.4715434526866896,-0.23835145449161838,0,0,0,0,0,0,0,0,1,0
0.8285869562131211,-1.4268749756897403,-0.3138040622677738,-0.5049600820107247,0.744580931118351,-0.3076962697998466,0.04183603584058977,-0.6694251689692691,-1.4183351616178823,1.4673542290192958,0.6583041859643514,-0.5493120419852517,-0.2709806031815397,0,0,0,0,1,0,0,0,0,0
0.8285869562131211,1.3738997949942373,1.0223584345549155,0.6713453963897373,-0.7991708374066524,1.0005508073911094,0.04183603584058977,0.7032915350216771,0.714429335324424,-0.7086247252337085,1.3448375394228858,1.2038415883749258,-0.2702717790825065,0,0,0,0,0,0,1,0,0,0
-1.2859182667777618,-0.7266812830187459,-1.3159259348847907,0.27924357025624996,1.5164568153808526,0.01936549949789241,0.04183603584058977,0.7032915350216771,1.4253508343051926,-1.4339510433180431,0.6583041859643514,-1.1460179462945892,-0.2514670926905083,1,0,0,0,0,0,0,0,0,0
-0.757291961030041,0.6737061023232428,-1.482946246987627,-0.5049600820107247,-1.1851087795379034,1.3276125766888485,1.45496435756718,-1.3557835209647422,0.714429335324424,0.742027910934961,1.3448375394228858,-1.1512985295185656,-0.3025271702264235,0,0,1,0,0,0,0,0,0,0
0.035647497591539984,-0.7266812830187459,-0.48082437437061,-0.5049600820107247,1.5164568153808526,-0.6347580390975855,-0.6647281250227053,1.38964988701715,0.0035078363436552087,1.4673542290192958,0.6583041859643514,-0.7499742044963564,-0.2524597154326079,0,0,0,0,0,0,1,0,0,0
-0.757291961030041,1.3738997949942373,-1.427272809620015,0.6713453963897373,0.744580931118351,1.3276125766888485,0.04183603584058977,0.7032915350216771,0.714429335324424,0.742027910934961,-0.7147625209527175,-1.1829820288624244,-0.2766589852496188,0,1,0,0,0,0,0,0,0,0
0.2999606504654003,-0.026487590347751562,-0.03543687542971356,1.455549048656712,0.3586429889871002,0.3464272687956314,-1.3712922858860004,0.016933183026203977,1.4253508343051926,-0.7086247252337085,1.3448375394228858,-0.29232365841839847,-0.2254880401042455,0,0,1,0,0,0,0,0,0,0
1.6215264148347022,-1.4268749756897403,-1.2602524975171787,-0.897061908144212,-0.4132328952754016,-0.6347580390975855,0.04183603584058977,-0.6694251689692691,-0.7074136626371136,1.4673542290192958,0.6583041859643514,-1.006459675375212,-0.27777159535614804,0,0,0,0,0,0,0,1,0,0
-0.22866565528232038,-0.026487590347751562,-0.25813062490016175,0.6713453963897373,-0.7991708374066524,0.01936549949789241,-0.6647281250227053,-0.6694251689692691,1.4253508343051926,-0.7086247252337085,-0.7147625209527175,-0.010692553139655081,-0.23608144018796431,0,0,0,0,0,0,0,0,0,1
0.5642738033392607,0.6737061023232428,-1.1489056227819545,-0.11285825587723738,0.3586429889871002,1.0005508073911094,-1.3712922858860004,1.38964988701715,1.4253508343051926,-0.7086247252337085,1.3448375394228858,-0.9964014216152569,-0.2896463044560804,0,0,0,0,0,0,0,0,0,1
1.3572132619608417,0.6737061023232428,0.3542771861435708,1.455549048656712,-0.4132328952754016,0.3464272687956314,-0.6647281250227053,0.016933183026203977,-1.4183351616178823,-0.7086247252337085,-0.028229167494183048,0.30614244029893134,-0.2254880401042455,0,0,0,1,0,0,0,0,0,0
-0.757291961030041,-1.4268749756897403,-1.594293121722851,1.455549048656712,-1.5710467216691542,1.6546743459865874,0.04183603584058977,-1.3557835209647422,0.0035078363436552087,0.016701592850626282,-0.7147625209527175,-1.2780325268940003,-0.2662434124206743,0,0,0,0,0,0,0,0,1,0
-1.550231419651622,1.3738997949942373,1.4677459334958118,1.0634472225232248,-1.5710467216691542,1.3276125766888485,-0.6647281250227053,-0.6694251689692691,0.0035078363436552087,0.742027910934961,-1.401295874411252,3.0784486328865612,-0.2680362569240172,0,0,0,0,0,0,0,0,0,1
-0.22866565528232038,-0.026487590347751562,1.579092808231036,-0.897061908144212,-1.5710467216691542,-0.9618198083953245,1.45496435756718,-1.3557835209647422,0.0035078363436552087,-1.4339510433180431,0.6583041859643514,3.2368661296058545,-0.25366504304801457,0,1,0,0,0,0,0,0,0,0
-1.550231419651622,1.3738997949942373,1.1893787466577517,-1.6812655604111868,-0.027294953144150712,-0.6347580390975855,0.04183603584058977,1.38964988701715,-0.7074136626371136,0.016701592850626282,1.3448375394228858,0.7021861820971643,-0.3283953552032282,0,0,0,0,1,0,0,0,0,0
-1.2859182667777618,-0.026487590347751562,-1.1489056227819545,1.0634472225232248,1.5164568153808526,0.01936549949789241,0.04183603584058977,-0.6694251689692691,0.714429335324424,0.016701592850626282,-0.028229167494183048,-1.0668091979349428,-0.22069578768542036,0,1,0,0,0,0,0,0,0,0
-0.4929788081561807,-0.026487590347751562,0.7439912477168552,-0.11285825587723738,-1.5710467216691542,-0.9618198083953245,-1.3712922858860004,-1.3557835209647422,0.714429335324424,1.4673542290192958,1.3448375394228858,2.048734904211156,-0.178934730892801,1,0,0,0,0,0,0,0,0,0
1.0929001090869814,0.6737061023232428,-1.0375587480467305,-0.897061908144212,-1.5710467216691542,-0.3076962697998466,-0.6647281250227053,0.7032915350216771,0.714429335324424,0.742027910934961,-1.401295874411252,-0.48594504329753446,-0.2901188538554359,0,0,0,0,1,0,0,0,0,0
-1.550231419651622,1.3738997949942373,-0.9818853106791184,-0.897061908144212,-1.5710467216691542,-0.9618198083953245,-0.6647281250227053,0.7032915350216771,-1.4183351616178823,-0.7086247252337085,0.6583041859643514,-0.40673629493788793,-0.25366504304801457,0,1,0,0,0,0,0,0,0,0
-1.2859182667777618,-0.7266812830187459,1.4677459334958118,0.6713453963897373,0.744580931118351,0.01936549949789241,0.04183603584058977,1.38964988701715,-0.7074136626371136,1.4673542290192958,0.6583041859643514,0.4645599370182244,-0.23608144018796431,0,0,0,0,0,1,0,0,0,0
1.0929001090869814,1.3738997949942373,-1.1489056227819545,-0.897061908144212,-1.5710467216691542,0.01936549949789241,-0.6647281250227053,1.38964988701715,1.4253508343051926,-0.7086247252337085,0.6583041859643514,-0.6443625400168277,-0.29762405019814026,0,0,0,0,1,0,0,0,0,0
-1.550231419651622,-0.7266812830187459,-0.09111031279732561,-0.5049600820107247,-0.4132328952754016,-1.6159433469908027,1.45496435756718,-0.6694251689692691,1.4253508343051926,0.742027910934961,1.3448375394228858,-0.05595469505945318,2.0256094776860003,0,0,0,0,1,0,0,0,0,0
0.035647497591539984,1.3738997949942373,-0.25813062490016175,1.0634472225232248,0.744580931118351,-1.6159433469908027,-1.3712922858860004,-1.3557835209647422,-1.4183351616178823,-1.4339510433180431,0.6583041859643514,-0.5176285426413931,5.164282588204972,0,0,0,1,0,0,0,0,0,0
0.2999606504654003,-0.026487590347751562,-1.1489056227819545,0.6713453963897373,-1.5710467216691542,0.01936549949789241,-1.3712922858860004,-0.6694251689692691,0.0035078363436552087,-0.7086247252337085,1.3448375394228858,-0.6443625400168277,-0.23608144018796431,0,0,0,0,1,0,0,0,0,0
1.6215264148347022,0.6737061023232428,-1.427272809620015,-0.5049600820107247,0.744580931118351,-0.6347580390975855,1.45496435756718,1.38964988701715,0.0035078363436552087,0.016701592850626282,-0.7147625209527175,-1.1829820288624244,-0.2524597154326079,1,0,0,0,0,0,0,0,0,0
0.5642738033392607,0.6737061023232428,-0.9262118733115063,-0.5049600820107247,-0.4132328952754016,-0.3076962697998466,-0.6647281250227053,-0.6694251689692691,1.4253508343051926,0.016701592850626282,-0.7147625209527175,-0.7348868238564238,-0.2709806031815397,0,0,0,0,0,0,0,1,0,0
0.8285869562131211,1.3738997949942373,-0.3138040622677738,-0.11285825587723738,-0.027294953144150712,0.01936549949789241,0.04183603584058977,0.7032915350216771,-1.4183351616178823,-1.4339510433180431,1.3448375394228858,-0.36713192075806467,-0.2668527451930523,0,0,0,1,0,0,0,0,0,0
0.2999606504654003,-1.4268749756897403,-0.7591915612086703,0.27924357025624996,-1.5710467216691542,-0.6347580390975855,-1.3712922858860004,1.38964988701715,-1.4183351616178823,-0.7086247252337085,1.3448375394228858,-0.08990130149930163,-0.20183595558552778,0,0,0,0,0,0,0,1,0,0
-1.550231419651622,-0.7266812830187459,-0.5921712491058341,1.455549048656712,0.744580931118351,0.01936549949789241,0.7484001967038848,-1.3557835209647422,0.0035078363436552087,0.742027910934961,1.3448375394228858,-0.7077295387045449,-0.20531013518287639,0,0,0,0,0,0,0,0,1,0
0.2999606504654003,-1.4268749756897403,-0.2024571875325497,-1.2891637342776994,-1.1851087795379034,0.3464272687956314,0.7484001967038848,-1.3557835209647422,0.0035078363436552087,0.016701592850626282,0.6583041859643514,0.30614244029893134,-0.3155319408158554,0,0,0,0,0,0,1,0,0,0
0.035647497591539984,-0.7266812830187459,0.9666849971873034,0.27924357025624996,-1.5710467216691542,1.6546743459865874,0.7484001967038848,1.38964988701715,0.0035078363436552087,-0.7086247252337085,-0.7147625209527175,2.3655698976497423,-0.28955039096413204,0,0,0,0,0,0,1,0,0,0
-1.550231419651622,-0.026487590347751562,0.576970935614019,-0.897061908144212,-1.1851087795379034,-0.6347580390975855,-0.6647281250227053,-1.3557835209647422,0.714429335324424,-1.4339510433180431,0.6583041859643514,1.193280421926973,-0.27777159535614804,0,0,0,0,0,0,1,0,0,0
-0.757291961030041,-1.4268749756897403,-1.594293121722851,1.0634472225232248,-0.7991708374066524,-0.3076962697998466,0.7484001967038848,1.38964988701715,-1.4183351616178823,-0.7086247252337085,-0.028229167494183048,-1.2780325268940003,-0.19442760048595503,0,0,1,0,0,0,0,0,0,0
-0.4929788081561807,1.3738997949942373,1.634766245598648,-1.6812655604111868,0.3586429889871002,0.3464272687956314,-0.6647281250227053,1.38964988701715,-0.7074136626371136,1.4673542290192958,-0.7147625209527175,0.7637929863768892,-0.3283953552032282,1,0,0,0,0,0,0,0,0,0
0.2999606504654003,-0.026487590347751562,1.634766245598648,0.27924357025624996,1.1305188732496019,0.01936549949789241,0.7484001967038848,0.016933183026203977,1.4253508343051926,1.4673542290192958,0.6583041859643514,0.3925519839640004,-0.2514670926905083,0,0,0,1,0,0,0,0,0,0
-1.550231419651622,-1.4268749756897403,-1.3715993722524027,-1.2891637342776994,-0.7991708374066524,1.6546743459865874,0.7484001967038848,-1.3557835209647422,0.714429335324424,-0.7086247252337085,-1.401295874411252,-1.0668091979349428,-0.320626362355409,0,0,0,1,0,0,0,0,0,0
1.6215264148347022,-1.4268749756897403,-1.3159259348847907,0.27924357025624996,1.1305188732496019,0.01936549949789241,-0.6647281250227053,1.38964988701715,0.714429335324424,1.4673542290192958,1.3448375394228858,-1.134016620785552,-0.2514670926905083,0,0,0,1,0,0,0,0,0,0
0.035647497591539984,-1.4268749756897403,0.3542771861435708,-0.11285825587723738,1.5164568153808526,-1.6159433469908027,1.45496435756718,-0.6694251689692691,-0.7074136626371136,0.016701592850626282,-0.028229167494183048,-0.35393046269812345,2.810277755315743,0,0,0,0,1,0,0,0,0,0
-1.2859182667777618,-0.026487590347751562,-0.2024571875325497,0.27924357025624996,-0.7991708374066524,0.3464272687956314,0.04183603584058977,-1.3557835209647422,-0.7074136626371136,1.4673542290192958,-0.7147625209527175,0.04211327910010936,-0.26407828326636407,0,0,0,0,0,0,0,0,1,0
1.3572132619608417,0.6737061023232428,-0.9818853106791184,0.27924357025624996,0.744580931118351,-0.3076962697998466,1.45496435756718,-0.6694251689692691,1.4253508343051926,-1.4339510433180431,-0.028229167494183048,-0.9295140341115553,-0.2327041018337474,0,0,0,0,0,0,0,1,0,0
-1.2859182667777618,0.6737061023232428,-1.3159259348847907,0.27924357025624996,-0.7991708374066524,-0.9618198083953245,-1.3712922858860004,-0.6694251689692691,-1.4183351616178823,1.4673542290192958,0.6583041859643514,-1.0140033656951783,-0.14156957481519422,0,0,0,1,0,0,0,0,0,0
-0.4929788081561807,0.6737061023232428,1.634766245598648,-1.6812655604111868,-0.7991708374066524,0.3464272687956314,0.04183603584058977,1.38964988701715,0.0035078363436552087,0.016701592850626282,-1.401295874411252,1.784705743012334,-0.3283953552032282,0,1,0,0,0,0,0,0,0,0
-1.2859182667777618,1.3738997949942373,0.9666849971873034,-0.897061908144212,-1.5710467216691542,1.0005508073911094,-1.3712922858860004,-1.3557835209647422,-0.7074136626371136,-1.4339510433180431,-1.401295874411252,2.3655698976497423,-0.3090208298296543,0,0,0,1,0,0,0,0,0,0
0.2999606504654003,-1.4268749756897403,0.07590999930551054,-0.5049600820107247,0.744580931118351,-0.6347580390975855,-0.6647281250227053,0.016933183026203977,1.4253508343051926,1.4673542290192958,-1.401295874411252,-0.32752754657824135,-0.2524597154326079,0,0,1,0,0,0,0,0,0,0
-1.2859182667777618,-0.7266812830187459,-0.9818853106791184,1.455549048656712,1.5164568153808526,-0.9618198083953245,-1.3712922858860004,1.38964988701715,-0.7074136626371136,0.016701592850626282,-1.401295874411252,-0.9876004495752961,-0.029474106582373816,0,0,1,0,0,0,0,0,0,0
-1.550231419651622,1.3738997949942373,-1.427272809620015,-1.2891637342776994,-1.1851087795379034,0.3464272687956314,1.45496435756718,1.38964988701715,0.0035078363436552087,0.016701592850626282,0.6583041859643514,-1.0879315308308484,-0.3155319408158554,0,0,0,1,0,0,0,0,0,0
-0.22866565528232038,-0.026487590347751562,0.18725687404073466,-1.2891637342776994,-0.4132328952754016,1.0005508073911094,1.45496435756718,0.7032915350216771,1.4253508343051926,-1.4339510433180431,-0.028229167494183048,0.17035601453953705,-0.3187080925164413,0,0,0,0,0,1,0,0,0,0
-1.2859182667777618,1.3738997949942373,1.746113120333872,0.27924357025624996,0.3586429889871002,1.3276125766888485,1.45496435756718,1.38964988701715,-0.7074136626371136,0.742027910934961,1.3448375394228858,0.8342007626965751,-0.28528171357522036,0,0,0,1,0,0,0,0,0,0
1.0929001090869814,-0.7266812830187459,-0.9818853106791184,1.0634472225232248,1.5164568153808526,0.01936549949789241,0.7484001967038848,-0.6694251689692691,-0.7074136626371136,-1.4339510433180431,1.3448375394228858,-0.9876004495752961,-0.22069578768542036,0,0,0,1,0,0,0,0,0,0
0.2999606504654003,-1.4268749756897403,-1.2602524975171787,1.455549048656712,0.3586429889871002,-0.6347580390975855,0.7484001967038848,1.38964988701715,-0.7074136626371136,-1.4339510433180431,0.6583041859643514,-1.0668091979349428,-0.1259003158149075,0,1,0,0,0,0,0,0,0,0
0.5642738033392607,0.6737061023232428,-1.3715993722524027,-0.11285825587723738,-1.5710467216691542,-1.2888815776930636,0.04183603584058977,0.016933183026203977,0.0035078363436552087,-1.4339510433180431,0.6583041859643514,-0.9611975334554139,-0.043061436065139916,1,0,0,0,0,0,0,0,0,0
0.2999606504654003,-0.026487590347751562,-1.2045790601495667,0.6713453963897373,-0.7991708374066524,-0.9618198083953245,-0.6647281250227053,0.016933183026203977,0.714429335324424,0.742027910934961,1.3448375394228858,-0.9083917012156496,-0.1042044187375874,0,0,0,0,0,0,0,1,0,0
0.035647497591539984,-0.026487590347751562,1.0780318719225275,0.6713453963897373,1.5164568153808526,1.3276125766888485,-1.3712922858860004,1.38964988701715,-1.4183351616178823,0.742027910934961,1.3448375394228858,-0.010692553139655081,-0.2766589852496188,0,0,0,0,0,0,1,0,0,0
-0.22866565528232038,0.6737061023232428,1.2450521840253637,0.6713453963897373,1.1305188732496019,-0.3076962697998466,0.7484001967038848,-1.3557835209647422,0.714429335324424,0.016701592850626282,1.3448375394228858,0.19092971541217263,-0.2135658511598512,0,0,0,0,0,0,0,1,0,0
-0.4929788081561807,-1.4268749756897403,-0.36947749963538584,-1.6812655604111868,1.5164568153808526,1.0005508073911094,-1.3712922858860004,0.016933183026203977,1.4253508343051926,-0.7086247252337085,0.6583041859643514,-0.697168372256592,-0.3283953552032282,0,0,0,0,0,0,0,1,0,0
1.0929001090869814,1.3738997949942373,-1.594293121722851,-0.5049600820107247,-0.027294953144150712,1.0005508073911094,-1.3712922858860004,1.38964988701715,0.0035078363436552087,-0.7086247252337085,0.6583041859643514,-1.2780325268940003,-0.29933356714286735,1,0,0,0,0,0,0,0,0,0
-1.550231419651622,1.3738997949942373,-0.36947749963538584,1.455549048656712,0.744580931118351,-1.2888815776930636,1.45496435756718,-0.6694251689692691,0.714429335324424,-1.4339510433180431,-0.7147625209527175,-0.5809955413291104,0.24227248307294838,0,0,0,0,0,0,0,0,1,0
-0.4929788081561807,-1.4268749756897403,0.40995062351118283,1.455549048656712,-0.027294953144150712,1.6546743459865874,-0.6647281250227053,-0.6694251689692691,0.714429335324424,0.016701592850626282,-1.401295874411252,0.14772494357963825,-0.2662434124206743,0,0,0,0,1,0,0,0,0,0
-1.2859182667777618,-1.4268749756897403,0.5212974982464069,0.27924357025624996,1.5164568153808526,-1.2888815776930636,-0.6647281250227053,0.016933183026203977,0.714429335324424,-1.4339510433180431,1.3448375394228858,-0.2747217143384769,0.02827204371938216,0,0,1,0,0,0,0,0,0,0
0.035647497591539984,1.3738997949942373,-0.25813062490016175,-0.5049600820107247,-0.4132328952754016,1.3276125766888485,1.45496435756718,0.016933183026203977,1.4253508343051926,1.4673542290192958,-0.028229167494183048,-0.19174112081884723,-0.3025271702264235,0,0,0,0,0,0,0,0,1,0
1.6215264148347022,1.3738997949942373,0.8553381224520793,0.27924357025624996,-0.7991708374066524,1.0005508073911094,1.45496435756718,0.7032915350216771,0.714429335324424,-0.7086247252337085,-0.028229167494183048,1.0454240916556328,-0.2799590417692935,0,0,1,0,0,0,0,0,0,0
0.2999606504654003,-1.4268749756897403,0.3542771861435708,-0.11285825587723738,0.744580931118351,1.0005508073911094,-1.3712922858860004,0.016933183026203977,0.714429335324424,-1.4339510433180431,0.6583041859643514,-0.16911004985894817,-0.2896463044560804,0,0,0,0,0,0,1,0,0,0
0.2999606504654003,0.6737061023232428,-0.7035181238410582,0.6713453963897373,-1.5710467216691542,0.6734890380933704,-1.3712922858860004,1.38964988701715,-1.4183351616178823,0.742027910934961,1.3448375394228858,-0.010692553139655081,-0.26208535991057386,0,0,0,0,0,1,0,0,0,0
-0.22866565528232038,1.3738997949942373,-0.536497811738222,0.6713453963897373,1.1305188732496019,0.01936549949789241,0.7484001967038848,0.7032915350216771,0.0035078363436552087,0.742027910934961,1.3448375394228858,-0.7307720836818967,-0.23608144018796431,0,0,1,0,0,0,0,0,0,0
-0.22866565528232038,0.6737061023232428,-1.482946246987627,1.455549048656712,0.744580931118351,0.01936549949789241,-1.3712922858860004,-1.3557835209647422,0.0035078363436552087,1.4673542290192958,-0.028229167494183048,-1.214665528206283,-0.20531013518287639,0,1,0,0,0,0,0,0,0,0
-1.0216051139039015,-0.026487590347751562,-0.5921712491058341,-1.6812655604111868,-0.4132328952754016,-1.2888815776930636,0.7484001967038848,-1.3557835209647422,0.714429335324424,-0.7086247252337085,1.3448375394228858,-0.46331397233763544,-0.3283953552032282,0,0,0,1,0,0,0,0,0,0
1.6215264148347022,0.6737061023232428,0.3542771861435708,-0.5049600820107247,-1.1851087795379034,1.0005508073911094,0.04183603584058977,-0.6694251689692691,0.714429335324424,0.742027910934961,-0.7147625209527175,0.9398124271761039,-0.29933356714286735,0,0,1,0,0,0,0,0,0,0
-0.4929788081561807,1.3738997949942373,0.18725687404073466,0.6713453963897373,-1.1851087795379034,0.6734890380933704,-1.3712922858860004,-0.6694251689692691,-1.4183351616178823,-1.4339510433180431,1.3448375394228858,0.749711431112952,-0.26208535991057386,0,0,0,0,0,0,0,0,1,0
-1.550231419651622,-0.026487590347751562,-0.5921712491058341,-0.5049600820107247,1.1305188732496019,0.6734890380933704,0.7484001967038848,0.7032915350216771,-1.4183351616178823,0.742027910934961,1.3448375394228858,-0.7595752649035864,-0.29524035755690103,0,0,1,0,0,0,0,0,0,0
-1.0216051139039015,0.6737061023232428,-0.48082437437061,1.455549048656712,-0.7991708374066524,0.01936549949789241,-1.3712922858860004,-1.3557835209647422,-0.7074136626371136,0.742027910934961,-1.401295874411252,-0.2219158820987126,-0.20531013518287639,0,0,0,0,0,0,0,1,0,0
-1.0216051139039015,0.6737061023232428,-1.482946246987627,-0.11285825587723738,1.1305188732496019,-0.9618198083953245,0.04183603584058977,-1.3557835209647422,-1.4183351616178823,0.742027910934961,1.3448375394228858,-1.220426164450621,-0.178934730892801,0,0,0,0,0,1,0,0,0,0
-1.550231419651622,1.3738997949942373,-1.1489056227819545,0.27924357025624996,0.3586429889871002,1.3276125766888485,0.7484001967038848,-0.6694251689692691,0.714429335324424,1.4673542290192958,0.6583041859643514,-0.9964014216152569,-0.28528171357522036,0,0,0,0,0,0,1,0,0,0
-1.550231419651622,-1.4268749756897403,-0.14678375016493767,0.27924357025624996,-0.027294953144150712,-0.6347580390975855,0.04183603584058977,-0.6694251689692691,-1.4183351616178823,-1.4339510433180431,-0.7147625209527175,-0.2483187982185947,-0.20183595558552778,1,0,0,0,0,0,0,0,0,0
-1.550231419651622,-0.7266812830187459,0.02023656193789849,1.455549048656712,1.1305188732496019,0.3464272687956314,0.7484001967038848,1.38964988701715,0.0035078363436552087,-0.7086247252337085,-0.7147625209527175,-0.44274027146499995,-0.2254880401042455,0,0,1,0,0,0,0,0,0,0
-0.4929788081561807,-1.4268749756897403,-0.7035181238410582,1.455549048656712,-1.1851087795379034,0.01936549949789241,1.45496435756718,1.38964988701715,0.714429335324424,0.016701592850626282,0.6583041859643514,-0.26416054789052407,-0.20531013518287639,0,0,1,0,0,0,0,0,0,0
1.3572132619608417,1.3738997949942373,1.4120724961281998,-1.2891637342776994,-1.1851087795379034,1.0005508073911094,1.45496435756718,-1.3557835209647422,1.4253508343051926,0.016701592850626282,-0.7147625209527175,2.143785402242732,-0.3187080925164413,0,0,1,0,0,0,0,0,0,0
0.035647497591539984,-0.026487590347751562,-1.2045790601495667,1.0634472225232248,0.744580931118351,-0.6347580390975855,0.04183603584058977,-0.6694251689692691,0.0035078363436552087,-0.7086247252337085,-0.028229167494183048,-1.05624803148699,-0.15121219573844757,0,0,0,1,0,0,0,0,0,0
-0.4929788081561807,-0.026487590347751562,0.40995062351118283,-0.11285825587723738,0.3586429889871002,1.0005508073911094,1.45496435756718,-1.3557835209647422,0.714429335324424,0.016701592850626282,-0.7147625209527175,-0.010692553139655081,-0.2896463044560804,0,0,0,1,0,0,0,0,0,0
0.5642738033392607,-1.4268749756897403,0.07590999930551054,-1.2891637342776994,0.744580931118351,-0.3076962697998466,-0.6647281250227053,1.38964988701715,-1.4183351616178823,0.016701592850626282,1.3448375394228858,-0.32752754657824135,-0.309257104529332,0,1,0,0,0,0,0,0,0,0
-1.0216051139039015,1.3738997949942373,0.9666849971873034,-1.2891637342776994,-0.4132328952754016,-0.9618198083953245,-1.3712922858860004,1.38964988701715,1.4253508343051926,0.742027910934961,0.6583041859643514,0.8040260014167099,-0.29103019912562145,0,0,0,0,0,0,1,0,0,0
0.2999606504654003,-1.4268749756897403,1.4677459334958118,1.455549048656712,1.1305188732496019,1.3276125766888485,0.7484001967038848,1.38964988701715,0.714429335324424,1.4673542290192958,1.3448375394228858,0.30614244029893134,-0.25941352859841565,0,0,1,0,0,0,0,0,0,0
-0.4929788081561807,-1.4268749756897403,0.18725687404073466,1.0634472225232248,1.5164568153808526,1.0005508073911094,1.45496435756718,-1.3557835209647422,0.0035078363436552087,1.4673542290192958,-1.401295874411252,-0.43313921105777015,-0.26058451639571956,0,0,0,0,1,0,0,0,0,0
-0.4929788081561807,-0.7266812830187459,0.7439912477168552,-0.897061908144212,-1.1851087795379034,-0.3076962697998466,0.7484001967038848,-0.6694251689692691,-0.7074136626371136,0.742027910934961,0.6583041859643514,1.3833814179901247,-0.2901188538554359,0,0,0,0,0,0,0,0,1,0
-1.0216051139039015,1.3738997949942373,0.5212974982464069,-0.5049600820107247,-0.027294953144150712,1.3276125766888485,0.7484001967038848,1.38964988701715,0.714429335324424,0.016701592850626282,-0.7147625209527175,0.22693369193928478,-0.3025271702264235,0,0,0,0,1,0,0,0,0,0
-0.757291961030041,-0.7266812830187459,0.18725687404073466,1.455549048656712,-0.027294953144150712,-1.6159433469908027,0.7484001967038848,1.38964988701715,1.4253508343051926,-0.7086247252337085,0.6583041859643514,-0.010692553139655081,5.948950865834715,0,0,0,0,0,1,0,0,0,0
-0.22866565528232038,1.3738997949942373,0.7996646850844672,-1.2891637342776994,-0.4132328952754016,-0.3076962697998466,0.7484001967038848,-1.3557835209647422,-1.4183351616178823,-1.4339510433180431,-0.028229167494183048,0.6682395756573156,-0.309257104529332,0,0,0,0,1,0,0,0,0,0
1.3572132619608417,-0.026487590347751562,0.7439912477168552,0.27924357025624996,0.3586429889871002,0.6734890380933704,-1.3712922858860004,-0.6694251689692691,-1.4183351616178823,0.742027910934961,-1.401295874411252,0.20053077581940246,-0.27313702579268295,0,0,0,0,0,0,0,0,0,1
-0.4929788081561807,-0.7266812830187459,0.40995062351118283,-0.11285825587723738,-0.7991708374066524,0.01936549949789241,-1.3712922858860004,-1.3557835209647422,-1.4183351616178823,0.742027910934961,-0.7147625209527175,0.6229774337375175,-0.2668527451930523,0,0,0,0,1,0,0,0,0,0
0.8285869562131211,0.6737061023232428,0.4656240608787949,0.27924357025624996,0.744580931118351,0.3464272687956314,0.7484001967038848,0.016933183026203977,0.714429335324424,-1.4339510433180431,1.3448375394228858,-0.10574305117123088,-0.26407828326636407,0,1,0,0,0,0,0,0,0,0
-1.550231419651622,-0.7266812830187459,0.2429303114083467,0.6713453963897373,1.1305188732496019,1.0005508073911094,0.04183603584058977,0.7032915350216771,0.714429335324424,0.016701592850626282,-0.7147625209527175,-0.32752754657824135,-0.2702717790825065,0,0,0,0,0,0,0,1,0,0
-1.2859182667777618,-1.4268749756897403,0.6883178103492431,1.455549048656712,-1.5710467216691542,1.0005508073911094,-0.6647281250227053,0.016933183026203977,0.714429335324424,0.016701592850626282,0.6583041859643514,1.9695261558515091,-0.2508972537089326,0,0,0,0,0,0,0,0,0,1
1.6215264148347022,-0.7266812830187459,0.576970935614019,-1.2891637342776994,-0.027294953144150712,0.01936549949789241,0.04183603584058977,1.38964988701715,-1.4183351616178823,0.742027910934961,0.6583041859643514,0.26653806611910796,-0.31300970270068423,0,0,0,0,0,0,1,0,0,0
0.035647497591539984,-0.026487590347751562,-0.09111031279732561,1.0634472225232248,-1.5710467216691542,-0.6347580390975855,-0.6647281250227053,-1.3557835209647422,-1.4183351616178823,1.4673542290192958,0.6583041859643514,0.8606036788164574,-0.15121219573844757,0,0,0,0,0,1,0,0,0,0
0.8285869562131211,0.6737061023232428,-1.0932321854143425,-1.6812655604111868,-0.027294953144150712,1.3276125766888485,-0.6647281250227053,-0.6694251689692691,-0.7074136626371136,-1.4339510433180431,1.3448375394228858,-0.9215931592755907,-0.3283953552032282,0,0,0,0,0,0,0,0,1,0
1.0929001090869814,0.6737061023232428,-1.3159259348847907,1.0634472225232248,-0.4132328952754016,1.6546743459865874,0.7484001967038848,1.38964988701715,0.714429335324424,0.742027910934961,-0.028229167494183048,-1.05172181729501,-0.2740124052684936,0,0,0,0,0,0,0,0,1,0
1.6215264148347022,-1.4268749756897403,-0.2024571875325497,0.27924357025624996,0.3586429889871002,1.0005508073911094,-1.3712922858860004,-0.6694251689692691,-1.4183351616178823,-0.7086247252337085,-0.7147625209527175,-0.3979353228979272,-0.2799590417692935,0,0,0,0,0,0,1,0,0,0
0.2999606504654003,-0.026487590347751562,0.6883178103492431,1.455549048656712,-0.4132328952754016,1.6546743459865874,-1.3712922858860004,-0.6694251689692691,-0.7074136626371136,-1.4339510433180431,-0.7147625209527175,0.5777152918177196,-0.2662434124206743,0,0,0,0,0,1,0,0,0,0
0.035647497591539984,-0.7266812830187459,1.1893787466577517,-0.897061908144212,1.5164568153808526,0.6734890380933704,1.45496435756718,-1.3557835209647422,1.4253508343051926,0.016701592850626282,-0.7147625209527175,0.04211327910010936,-0.30629202343901013,0,0,0,0,0,0,0,0,0,1
-0.22866565528232038,-1.4268749756897403,-0.536497811738222,-0.11285825587723738,-1.1851087795379034,1.6546743459865874,-0.6647281250227053,1.38964988701715,0.0035078363436552087,0.742027910934961,-1.401295874411252,-0.07405955182737237,-0.2973193838119513,0,0,0,0,0,0,0,0,1,0
-1.2859182667777618,-1.4268749756897403,1.746113120333872,1.455549048656712,-1.1851087795379034,1.0005508073911094,-0.6647281250227053,-1.3557835209647422,0.0035078363436552087,1.4673542290192958,1.3448375394228858,2.523987394369035,-0.2508972537089326,0,0,0,1,0,0,0,0,0,0
0.5642738033392607,-1.4268749756897403,-0.7035181238410582,0.27924357025624996,1.5164568153808526,0.3464272687956314,-0.6647281250227053,0.7032915350216771,-1.4183351616178823,-0.7086247252337085,-0.028229167494183048,-0.8555858689758852,-0.26407828326636407,0,0,0,0,0,0,0,0,0,1
1.0929001090869814,1.3738997949942373,-0.9262118733115063,0.6713453963897373,0.3586429889871002,0.3464272687956314,0.04183603584058977,0.7032915350216771,-1.4183351616178823,1.4673542290192958,-0.028229167494183048,-0.8555858689758852,-0.2512148688789912,0,0,0,0,0,0,0,0,0,1
-1.0216051139039015,-0.026487590347751562,-1.1489056227819545,1.0634472225232248,-0.4132328952754016,-0.3076962697998466,-1.3712922858860004,0.016933183026203977,-0.7074136626371136,1.4673542290192958,-1.401295874411252,-0.915935391535616,-0.19442760048595503,0,0,0,1,0,0,0,0,0,0
0.5642738033392607,0.6737061023232428,1.3563990587605876,-1.2891637342776994,-0.027294953144150712,0.6734890380933704,0.7484001967038848,-1.3557835209647422,-1.4183351616178823,1.4673542290192958,-1.401295874411252,0.820999304636634,-0.31734368932111917,0,0,0,1,0,0,0,0,0,0
1.3572132619608417,-0.026487590347751562,-0.03543687542971356,-0.11285825587723738,-0.4132328952754016,0.01936549949789241,-1.3712922858860004,-1.3557835209647422,0.714429335324424,-0.7086247252337085,1.3448375394228858,-0.010692553139655081,-0.2668527451930523,0,0,0,0,0,0,0,0,0,1
-0.4929788081561807,0.6737061023232428,0.02023656193789849,-1.6812655604111868,1.5164568153808526,-1.2888815776930636,-0.6647281250227053,-0.6694251689692691,-1.4183351616178823,0.742027910934961,-0.7147625209527175,-0.5123479594174167,-0.3283953552032282,0,0,0,0,1,0,0,0,0,0
-1.2859182667777618,1.3738997949942373,-1.5386196843552389,-0.11285825587723738,1.1305188732496019,1.0005508073911094,-0.6647281250227053,0.016933183026203977,0.0035078363436552087,0.742027910934961,-0.7147625209527175,-1.2492293456723105,-0.2896463044560804,0,0,0,0,0,0,0,1,0,0
0.8285869562131211,-0.7266812830187459,1.746113120333872,0.27924357025624996,-0.7991708374066524,1.3276125766888485,0.04183603584058977,0.016933183026203977,-0.7074136626371136,1.4673542290192958,1.3448375394228858,1.890317407491863,-0.28528171357522036,0,0,1,0,0,0,0,0,0,0
-1.2859182667777618,1.3738997949942373,-1.2045790601495667,0.6713453963897373,-0.4132328952754016,1.0005508073911094,-0.6647281250227053,-1.3557835209647422,-1.4183351616178823,0.016701592850626282,-0.7147625209527175,-0.9611975334554139,-0.2702717790825065,0,0,0,0,0,0,1,0,0,0
1.3572132619608417,-0.7266812830187459,1.0780318719225275,-0.897061908144212,-0.027294953144150712,1.6546743459865874,-0.6647281250227053,0.016933183026203977,-0.7074136626371136,0.742027910934961,-1.401295874411252,0.6229774337375175,-0.31285736950758974,1,0,0,0,0,0,0,0,0,0
1.3572132619608417,-0.7266812830187459,1.2450521840253637,-1.6812655604111868,1.1305188732496019,1.6546743459865874,-0.6647281250227053,0.7032915350216771,-0.7074136626371136,0.016701592850626282,-0.028229167494183048,0.19092971541217263,-0.3283953552032282,0,0,0,0,1,0,0,0,0,0
0.8285869562131211,-0.7266812830187459,1.1893787466577517,-0.11285825587723738,-0.7991708374066524,-0.3076962697998466,0.04183603584058977,0.016933183026203977,1.4253508343051926,0.742027910934961,-0.7147625209527175,1.362259085094219,-0.25184235250764353,1,0,0,0,0,0,0,0,0,0
0.035647497591539984,-0.7266812830187459,-0.9818853106791184,1.455549048656712,-1.1851087795379034,1.6546743459865874,0.04183603584058977,0.7032915350216771,0.714429335324424,1.4673542290192958,-1.401295874411252,-0.5809955413291104,-0.2662434124206743,0,0,0,0,0,0,0,1,0,0
-1.550231419651622,1.3738997949942373,-1.594293121722851,-0.11285825587723738,0.744580931118351,1.3276125766888485,1.45496435756718,0.016933183026203977,0.714429335324424,-1.4339510433180431,1.3448375394228858,-1.2780325268940003,-0.29390444190082193,0,0,0,0,0,0,0,1,0,0
1.3572132619608417,0.6737061023232428,-0.8705384359438944,1.455549048656712,-0.4132328952754016,0.6734890380933704,-0.6647281250227053,-0.6694251689692691,-0.7074136626371136,0.742027910934961,0.6583041859643514,-0.6896246819366256,-0.23998202814635577,0,0,0,0,1,0,0,0,0,0
-1.2859182667777618,1.3738997949942373,-0.14678375016493767,0.27924357025624996,0.3586429889871002,-1.2888815776930636,0.04183603584058977,0.7032915350216771,-0.7074136626371136,-0.7086247252337085,-0.028229167494183048,-0.3627314347380843,0.02827204371938216,0,1,0,0,0,0,0,0,0,0
-1.2859182667777618,-0.7266812830187459,0.632644372981631,-0.11285825587723738,-1.1851087795379034,-1.6159433469908027,-0.6647281250227053,0.016933183026203977,-0.7074136626371136,-0.7086247252337085,0.6583041859643514,1.25664742061469,2.810277755315743,0,0,0,0,0,0,0,0,0,1
0.5642738033392607,-1.4268749756897403,0.07590999930551054,-1.2891637342776994,0.744580931118351,0.6734890380933704,1.45496435756718,-0.6694251689692691,0.0035078363436552087,0.016701592850626282,0.6583041859643514,-0.32752754657824135,-0.31734368932111917,0,0,0,0,0,0,0,0,0,1
-0.757291961030041,0.6737061023232428,-1.594293121722851,-0.11285825587723738,1.5164568153808526,1.6546743459865874,-0.6647281250227053,-0.6694251689692691,0.0035078363436552087,-0.7086247252337085,-0.028229167494183048,-1.2780325268940003,-0.2973193838119513,0,0,1,0,0,0,0,0,0,0
0.8285869562131211,1.3738997949942373,0.576970935614019,1.455549048656712,-0.027294953144150712,0.01936549949789241,0.04183603584058977,0.7032915350216771,-0.7074136626371136,0.742027910934961,-0.7147625209527175,0.26653806611910796,-0.20531013518287639,0,0,0,0,0,0,0,0,0,1
-0.4929788081561807,-0.026487590347751562,-0.8705384359438944,-1.6812655604111868,-0.4132328952754016,-0.3076962697998466,1.45496435756718,1.38964988701715,-1.4183351616178823,-1.4339510433180431,-1.401295874411252,-0.6896246819366256,-0.3283953552032282,0,0,0,0,0,0,1,0,0,0
0.8285869562131211,-1.4268749756897403,-0.7591915612086703,1.0634472225232248,-1.5710467216691542,-1.2888815776930636,-1.3712922858860004,0.7032915350216771,-1.4183351616178823,-1.4339510433180431,1.3448375394228858,-0.08990130149930163,0.17093900328842626,0,0,1,0,0,0,0,0,0,0
1.0929001090869814,0.6737061023232428,-1.2602524975171787,1.455549048656712,-0.4132328952754016,-0.3076962697998466,0.04183603584058977,1.38964988701715,0.714429335324424,0.742027910934961,0.6583041859643514,-1.006459675375212,-0.17528934981205885,0,0,0,0,0,0,0,1,0,0
1.3572132619608417,-0.026487590347751562,1.746113120333872,1.0634472225232248,-0.7991708374066524,0.01936549949789241,0.04183603584058977,0.7032915350216771,1.4253508343051926,-0.7086247252337085,-0.028229167494183048,1.890317407491863,-0.22069578768542036,0,0,0,0,1,0,0,0,0,0
0.035647497591539984,1.3738997949942373,-1.3159259348847907,0.27924357025624996,-1.5710467216691542,1.3276125766888485,0.04183603584058977,0.7032915350216771,0.0035078363436552087,0.016701592850626282,-0.7147625209527175,-0.8819887850957673,-0.28528171357522036,0,0,0,0,1,0,0,0,0,0
0.5642738033392607,1.3738997949942373,-1.594293121722851,0.27924357025624996,-0.027294953144150712,0.01936549949789241,-0.6647281250227053,-0.6694251689692691,-1.4183351616178823,0.742027910934961,-1.401295874411252,-1.2780325268940003,-0.2514670926905083,0,0,0,1,0,0,0,0,0,0
1.3572132619608417,-0.026487590347751562,1.0780318719225275,-0.897061908144212,-0.4132328952754016,-1.2888815776930636,-0.6647281250227053,-0.6694251689692691,0.0035078363436552087,0.742027910934961,-1.401295874411252,0.8945502852563059,-0.18572839563418406,0,0,0,0,0,0,1,0,0,0
-0.757291961030041,-1.4268749756897403,0.2429303114083467,-1.2891637342776994,1.5164568153808526,-0.9618198083953245,-1.3712922858860004,0.7032915350216771,-1.4183351616178823,0.016701592850626282,1.3448375394228858,-0.40673629493788793,-0.29103019912562145,1,0,0,0,0,0,0,0,0,0
1.3572132619608417,1.3738997949942373,1.1893787466577517,1.0634472225232248,1.5164568153808526,0.3464272687956314,0.7484001967038848,-0.6694251689692691,-1.4183351616178823,1.4673542290192958,-1.401295874411252,0.04211327910010936,-0.23835145449161838,0,0,0,0,0,0,0,1,0,0
-0.4929788081561807,0.6737061023232428,1.4120724961281998,-0.897061908144212,0.744580931118351,0.3464272687956314,0.7484001967038848,1.38964988701715,1.4253508343051926,0.016701592850626282,-0.7147625209527175,0.4328764376743659,-0.3026685264284825,0,0,0,0,0,1,0,0,0,0
-0.4929788081561807,-0.026487590347751562,0.8553381224520793,0.27924357025624996,1.1305188732496019,-0.6347580390975855,-0.6647281250227053,-0.6694251689692691,0.0035078363436552087,1.4673542290192958,-0.7147625209527175,-0.010692553139655081,-0.20183595558552778,0,0,0,0,0,0,1,0,0,0
-1.2859182667777618,1.3738997949942373,0.29860374877595874,1.455549048656712,1.1305188732496019,1.6546743459865874,0.04183603584058977,0.016933183026203977,-1.4183351616178823,-1.4339510433180431,-0.028229167494183048,-0.2987243653565517,-0.2662434124206743,0,0,1,0,0,0,0,0,0,0
-0.757291961030041,-0.026487590347751562,-0.9262118733115063,-1.6812655604111868,1.5164568153808526,-1.6159433469908027,-0.6647281250227053,1.38964988701715,0.714429335324424,-0.7086247252337085,-0.7147625209527175,-0.9611975334554139,-0.3283953552032282,0,0,0,0,0,0,0,0,0,1
-1.0216051139039015,1.3738997949942373,-1.482946246987627,0.27924357025624996,0.3586429889871002,0.6734890380933704,0.7484001967038848,1.38964988701715,0.0035078363436552087,0.016701592850626282,-0.028229167494183048,-1.2076247505743145,-0.27313702579268295,0,0,0,0,1,0,0,0,0,0
-0.4929788081561807,-1.4268749756897403,-1.427272809620015,-1.6812655604111868,-0.4132328952754016,-0.6347580390975855,0.7484001967038848,0.016933183026203977,0.714429335324424,-1.4339510433180431,0.6583041859643514,-1.1422461011346061,-0.3283953552032282,0,0,0,0,0,0,0,0,1,0
0.2999606504654003,-0.7266812830187459,-1.482946246987627,-0.5049600820107247,1.5164568153808526,-0.9618198083953245,-1.3712922858860004,1.38964988701715,1.4253508343051926,-1.4339510433180431,1.3448375394228858,-1.2252266946542358,-0.2162998869704078,0,0,0,0,0,1,0,0,0,0
-0.757291961030041,0.6737061023232428,1.4120724961281998,0.6713453963897373,1.5164568153808526,-0.3076962697998466,0.04183603584058977,0.7032915350216771,1.4253508343051926,-1.4339510433180431,0.6583041859643514,0.14772494357963825,-0.2135658511598512,0,0,0,0,0,1,0,0,0,0
-1.0216051139039015,-0.026487590347751562,-0.8148649985762823,1.455549048656712,-0.027294953144150712,-1.6159433469908027,0.7484001967038848,1.38964988701715,-1.4183351616178823,1.4673542290192958,1.3448375394228858,-0.7235712883764742,5.948950865834715,0,0,0,0,0,0,0,1,0,0
1.6215264148347022,-0.7266812830187459,0.29860374877595874,-0.5049600820107247,-0.027294953144150712,0.3464272687956314,0.7484001967038848,-0.6694251689692691,1.4253508343051926,-0.7086247252337085,0.6583041859643514,0.06851619521999146,-0.2898051120411097,0,0,0,0,0,0,0,1,0,0
0.035647497591539984,-0.026487590347751562,0.07590999930551054,1.0634472225232248,0.744580931118351,0.3464272687956314,1.45496435756718,0.7032915350216771,-1.4183351616178823,-0.7086247252337085,-1.401295874411252,-0.32752754657824135,-0.23835145449161838,0,0,0,0,1,0,0,0,0,0
-1.0216051139039015,0.6737061023232428,-0.2024571875325497,0.27924357025624996,1.1305188732496019,1.3276125766888485,-1.3712922858860004,0.7032915350216771,-0.7074136626371136,1.4673542290192958,-0.7147625209527175,-0.5579529963517587,-0.28528171357522036,0,0,0,0,1,0,0,0,0,0
-0.4929788081561807,-0.026487590347751562,-0.7035181238410582,-0.5049600820107247,-0.027294953144150712,0.3464272687956314,0.04183603584058977,-0.6694251689692691,1.4253508343051926,-1.4339510433180431,-0.7147625209527175,-0.6443625400168277,-0.2898051120411097,0,0,0,0,1,0,0,0,0,0
1.6215264148347022,1.3738997949942373,-0.9262118733115063,0.27924357025624996,-1.5710467216691542,1.0005508073911094,-1.3712922858860004,-1.3557835209647422,-0.7074136626371136,1.4673542290192958,-0.7147625209527175,-0.32752754657824135,-0.2799590417692935,0,0,0,1,0,0,0,0,0,0
1.6215264148347022,-1.4268749756897403,-0.8148649985762823,-0.5049600820107247,0.744580931118351,-0.6347580390975855,-1.3712922858860004,0.7032915350216771,1.4253508343051926,-1.4339510433180431,-0.028229167494183048,-0.8344635360799794,-0.2524597154326079,1,0,0,0,0,0,0,0,0,0
0.5642738033392607,-0.7266812830187459,-1.5386196843552389,1.455549048656712,-0.7991708374066524,-0.3076962697998466,0.04183603584058977,0.016933183026203977,1.4253508343051926,0.016701592850626282,1.3448375394228858,-1.2252266946542358,-0.17528934981205885,0,0,0,0,0,1,0,0,0,0
-1.550231419651622,-0.7266812830187459,0.7996646850844672,-1.2891637342776994,0.744580931118351,-1.2888815776930636,1.45496435756718,0.016933183026203977,0.0035078363436552087,-1.4339510433180431,0.6583041859643514,0.08435794489192097,-0.2570618754187061,0,0,1,0,0,0,0,0,0,0
0.8285869562131211,-0.026487590347751562,-0.09111031279732561,0.27924357025624996,0.744580931118351,0.01936549949789241,-0.6647281250227053,0.016933183026203977,0.0035078363436552087,-1.4339510433180431,1.3448375394228858,-0.4225780446098172,-0.2514670926905083,0,0,0,0,0,0,0,0,0,1
-0.22866565528232038,-0.7266812830187459,-1.0932321854143425,1.455549048656712,-0.027294953144150712,0.01936549949789241,-0.6647281250227053,0.7032915350216771,1.4253508343051926,0.742027910934961,1.3448375394228858,-0.9215931592755907,-0.20531013518287639,0,0,0,0,0,1,0,0,0,0
1.0929001090869814,1.3738997949942373,1.0223584345549155,-0.897061908144212,-1.1851087795379034,1.0005508073911094,-0.6647281250227053,0.016933183026203977,0.714429335324424,0.742027910934961,-1.401295874411252,1.7002164114287108,-0.3090208298296543,0,0,0,0,0,1,0,0,0,0
-1.2859182667777618,-0.7266812830187459,-1.594293121722851,0.27924357025624996,1.1305188732496019,1.0005508073911094,1.45496435756718,-0.6694251689692691,-1.4183351616178823,-0.7086247252337085,0.6583041859643514,-1.2780325268940003,-0.2799590417692935,0,1,0,0,0,0,0,0,0,0
-0.22866565528232038,0.6737061023232428,-1.427272809620015,0.27924357025624996,0.3586429889871002,1.6546743459865874,0.7484001967038848,0.016933183026203977,1.4253508343051926,1.4673542290192958,-0.028229167494183048,-1.1724208624144714,-0.28955039096413204,0,0,0,0,0,0,0,0,1,0
-0.4929788081561807,-1.4268749756897403,-0.5921712491058341,0.6713453963897373,-1.5710467216691542,-0.3076962697998466,-1.3712922858860004,1.38964988701715,-1.4183351616178823,1.4673542290192958,1.3448375394228858,0.14772494357963825,-0.2135658511598512,0,0,0,0,0,0,0,0,1,0
0.2999606504654003,-1.4268749756897403,0.632644372981631,-1.2891637342776994,0.3586429889871002,-1.2888815776930636,1.45496435756718,0.016933183026203977,-0.7074136626371136,-0.7086247252337085,1.3448375394228858,0.1301229994997166,-0.2570618754187061,0,0,0,0,0,0,0,0,0,1
0.2999606504654003,-0.026487590347751562,0.9666849971873034,-0.897061908144212,-1.1851087795379034,-1.2888815776930636,-1.3712922858860004,1.38964988701715,0.0035078363436552087,-1.4339510433180431,-0.028229167494183048,1.6368494127409938,-0.18572839563418406,0,0,0,0,0,0,0,0,1,0
0.8285869562131211,-1.4268749756897403,1.69043968296626,0.6713453963897373,-0.027294953144150712,1.3276125766888485,-1.3712922858860004,0.7032915350216771,-1.4183351616178823,-1.4339510433180431,-1.401295874411252,1.0586255497155739,-0.2766589852496188,0,0,0,0,0,0,0,0,0,1
-1.550231419651622,0.6737061023232428,0.9110115598196913,-0.5049600820107247,-0.4132328952754016,0.01936549949789241,1.45496435756718,-0.6694251689692691,-1.4183351616178823,0.016701592850626282,-0.7147625209527175,0.7587638594969118,-0.2822383976955963,0,0,0,0,0,0,0,0,0,1
-1.550231419651622,0.6737061023232428,-0.8148649985762823,-0.5049600820107247,-0.027294953144150712,0.01936549949789241,-0.6647281250227053,1.38964988701715,0.0035078363436552087,0.742027910934961,1.3448375394228858,-0.7235712883764742,-0.2822383976955963,0,0,0,1,0,0,0,0,0,0
1.6215264148347022,0.6737061023232428,1.69043968296626,-1.2891637342776994,-0.027294953144150712,-0.3076962697998466,-0.6647281250227053,0.7032915350216771,0.714429335324424,-0.7086247252337085,1.3448375394228858,1.0586255497155739,-0.309257104529332,0,0,0,0,0,0,0,0,0,1
-1.2859182667777618,0.6737061023232428,-1.2045790601495667,1.0634472225232248,-0.027294953144150712,1.3276125766888485,0.7484001967038848,-1.3557835209647422,-1.4183351616178823,-0.7086247252337085,-1.401295874411252,-1.0008019076352372,-0.2680362569240172,0,0,0,0,0,1,0,0,0,0
0.035647497591539984,1.3738997949942373,-0.7035181238410582,1.0634472225232248,0.744580931118351,1.3276125766888485,-1.3712922858860004,-1.3557835209647422,0.714429335324424,-1.4339510433180431,0.6583041859643514,-0.7710965373922622,-0.2680362569240172,0,0,0,0,0,0,0,0,1,0
0.5642738033392607,0.6737061023232428,-1.427272809620015,-1.6812655604111868,1.1305188732496019,-0.3076962697998466,0.7484001967038848,0.016933183026203977,-0.7074136626371136,1.4673542290192958,-0.028229167494183048,-1.1916229832289311,-0.3283953552032282,0,0,0,0,0,0,1,0,0,0
1.6215264148347022,0.6737061023232428,-0.14678375016493767,-1.6812655604111868,-0.4132328952754016,-0.3076962697998466,0.7484001967038848,0.016933183026203977,-0.7074136626371136,-0.7086247252337085,-1.401295874411252,-0.10121683697925102,-0.3283953552032282,0,0,1,0,0,0,0,0,0,0
0.035647497591539984,0.6737061023232428,-0.25813062490016175,-0.897061908144212,-0.7991708374066524,0.6734890380933704,-1.3712922858860004,0.016933183026203977,0.0035078363436552087,-1.4339510433180431,-1.401295874411252,-0.010692553139655081,-0.30629202343901013,0,0,0,0,1,0,0,0,0,0
0.5642738033392607,-0.026487590347751562,0.8553381224520793,1.0634472225232248,0.744580931118351,1.3276125766888485,-1.3712922858860004,0.016933183026203977,0.0035078363436552087,0.742027910934961,-1.401295874411252,0.11604144423577949,-0.2680362569240172,0,0,1,0,0,0,0,0,0,0
0.2999606504654003,0.6737061023232428,-0.6478446864734462,-1.2891637342776994,-1.5710467216691542,-1.2888815776930636,1.45496435756718,-0.6694251689692691,1.4253508343051926,-1.4339510433180431,0.6583041859643514,0.06851619521999146,-0.2570618754187061,0,0,0,0,0,0,0,0,0,1
-1.550231419651622,-0.026487590347751562,-0.14678375016493767,1.0634472225232248,-0.027294953144150712,1.3276125766888485,-0.6647281250227053,0.7032915350216771,-0.7074136626371136,1.4673542290192958,-1.401295874411252,-0.2483187982185947,-0.2680362569240172,0,0,0,0,0,0,0,0,1,0
-1.550231419651622,0.6737061023232428,1.0223584345549155,1.0634472225232248,-0.7991708374066524,-1.2888815776930636,-0.6647281250227053,0.016933183026203977,-1.4183351616178823,1.4673542290192958,0.6583041859643514,1.2038415883749258,0.17093900328842626,0,0,1,0,0,0,0,0,0,0
1.6215264148347022,-1.4268749756897403,0.18725687404073466,0.6713453963897373,0.744580931118351,0.01936549949789241,-1.3712922858860004,0.7032915350216771,0.714429335324424,-1.4339510433180431,-0.028229167494183048,-0.26416054789052407,-0.23608144018796431,0,1,0,0,0,0,0,0,0,0
-0.757291961030041,-1.4268749756897403,1.2450521840253637,0.6713453963897373,0.744580931118351,-1.6159433469908027,0.04183603584058977,-0.6694251689692691,1.4253508343051926,0.742027910934961,1.3448375394228858,0.33782593964278984,4.379614310575229,0,0,0,0,0,0,0,0,0,1
-1.2859182667777618,0.6737061023232428,-0.536497811738222,-1.2891637342776994,-0.7991708374066524,1.6546743459865874,1.45496435756718,1.38964988701715,0.0035078363436552087,0.016701592850626282,-0.028229167494183048,-0.2747217143384769,-0.320626362355409,0,0,0,0,0,1,0,0,0,0
-1.2859182667777618,-1.4268749756897403,0.5212974982464069,1.0634472225232248,1.5164568153808526,0.01936549949789241,0.7484001967038848,-1.3557835209647422,1.4253508343051926,-1.4339510433180431,-1.401295874411252,-0.2747217143384769,-0.22069578768542036,0,0,0,0,0,0,0,0,0,1
-0.757291961030041,0.6737061023232428,0.632644372981631,-0.5049600820107247,0.744580931118351,0.01936549949789241,-0.6647281250227053,-1.3557835209647422,-0.7074136626371136,1.4673542290192958,-0.7147625209527175,-0.010692553139655081,-0.2822383976955963,0,0,0,1,0,0,0,0,0,0
-1.2859182667777618,-0.7266812830187459,0.3542771861435708,0.27924357025624996,1.1305188732496019,-1.6159433469908027,-0.6647281250227053,-0.6694251689692691,0.714429335324424,0.742027910934961,1.3448375394228858,-0.26992118413486205,3.594946032945486,0,0,1,0,0,0,0,0,0,0
0.8285869562131211,-1.4268749756897403,-0.09111031279732561,1.455549048656712,1.1305188732496019,1.0005508073911094,-1.3712922858860004,0.016933183026203977,0.0035078363436552087,-1.4339510433180431,0.6583041859643514,-0.5003466339083793,-0.2508972537089326,0,0,0,0,0,0,1,0,0,0
1.3572132619608417,-0.7266812830187459,0.8553381224520793,-0.897061908144212,-1.1851087795379034,-0.9618198083953245,-0.6647281250227053,0.7032915350216771,-0.7074136626371136,0.742027910934961,-0.7147625209527175,1.5101154153655592,-0.25366504304801457,0,0,0,0,0,0,1,0,0,0
-1.2859182667777618,1.3738997949942373,-1.594293121722851,-0.5049600820107247,-1.1851087795379034,1.6546743459865874,-1.3712922858860004,0.016933183026203977,0.714429335324424,-0.7086247252337085,-0.028229167494183048,-1.2780325268940003,-0.3050883766597705,0,0,1,0,0,0,0,0,0,0
-1.0216051139039015,-0.7266812830187459,-0.42515093700299794,-1.2891637342776994,-0.027294953144150712,1.0005508073911094,-1.3712922858860004,1.38964988701715,1.4253508343051926,-0.7086247252337085,-0.7147625209527175,-0.4463406691177112,-0.3187080925164413,0,0,1,0,0,0,0,0,0,0
-1.550231419651622,-0.026487590347751562,-0.03543687542971356,0.27924357025624996,-0.4132328952754016,-0.6347580390975855,1.45496435756718,0.016933183026203977,-1.4183351616178823,0.016701592850626282,1.3448375394228858,-0.010692553139655081,-0.20183595558552778,0,0,0,0,0,0,0,1,0,0
-1.2859182667777618,0.6737061023232428,0.18725687404073466,0.6713453963897373,1.1305188732496019,1.6546743459865874,0.04183603584058977,0.7032915350216771,-0.7074136626371136,-0.7086247252337085,-1.401295874411252,-0.3563307277999309,-0.2817813981163128,0,0,0,0,1,0,0,0,0,0
-1.2859182667777618,-1.4268749756897403,0.5212974982464069,-0.5049600820107247,-1.1851087795379034,0.3464272687956314,-1.3712922858860004,0.016933183026203977,0.0035078363436552087,0.016701592850626282,-0.7147625209527175,1.1299134232392556,-0.2898051120411097,0,0,0,0,0,0,1,0,0,0
1.0929001090869814,1.3738997949942373,1.634766245598648,1.0634472225232248,-0.4132328952754016,1.0005508073911094,0.04183603584058977,-0.6694251689692691,-1.4183351616178823,0.742027910934961,0.6583041859643514,1.3471717044542864,-0.26058451639571956,0,0,0,0,0,0,0,1,0,0
-0.4929788081561807,1.3738997949942373,0.13158343667312258,0.27924357025624996,-0.027294953144150712,-0.3076962697998466,0.04183603584058977,1.38964988701715,0.714429335324424,-1.4339510433180431,-0.028229167494183048,-0.05029692731947823,-0.2327041018337474,0,0,0,0,0,0,0,1,0,0
0.8285869562131211,1.3738997949942373,-1.3159259348847907,0.6713453963897373,0.3586429889871002,-0.9618198083953245,-1.3712922858860004,-0.6694251689692691,-0.7074136626371136,0.742027910934961,1.3448375394228858,-1.1020130860947857,-0.1042044187375874,0,0,0,0,0,0,0,1,0,0
0.5642738033392607,-1.4268749756897403,-0.25813062490016175,1.0634472225232248,-0.4132328952754016,0.6734890380933704,-0.6647281250227053,-1.3557835209647422,0.0035078363436552087,0.016701592850626282,-0.028229167494183048,-0.19174112081884723,-0.2510336940284648,0,0,0,0,1,0,0,0,0,0
1.6215264148347022,-1.4268749756897403,0.8553381224520793,-0.11285825587723738,1.1305188732496019,0.01936549949789241,1.45496435756718,1.38964988701715,-1.4183351616178823,1.4673542290192958,-0.7147625209527175,-0.010692553139655081,-0.2668527451930523,0,0,0,0,0,0,0,0,1,0
-0.4929788081561807,0.6737061023232428,-0.42515093700299794,-1.2891637342776994,-0.027294953144150712,1.6546743459865874,-1.3712922858860004,-0.6694251689692691,0.0035078363436552087,-1.4339510433180431,-0.7147625209527175,-0.4463406691177112,-0.320626362355409,1,0,0,0,0,0,0,0,0,0
-0.22866565528232038,-1.4268749756897403,-1.5386196843552389,-0.5049600820107247,-0.4132328952754016,-0.6347580390975855,0.04183603584058977,1.38964988701715,-1.4183351616178823,0.742027910934961,-0.7147625209527175,-1.2327703849742022,-0.2524597154326079,0,1,0,0,0,0,0,0,0,0
0.035647497591539984,-0.7266812830187459,-0.36947749963538584,-0.11285825587723738,1.1305188732496019,0.3464272687956314,0.7484001967038848,1.38964988701715,0.714429335324424,-1.4339510433180431,-0.028229167494183048,-0.6443625400168277,-0.2769416976537369,0,0,0,0,0,0,0,1,0,0
0.035647497591539984,-0.7266812830187459,1.1337053092901395,1.0634472225232248,-1.5710467216691542,0.01936549949789241,-0.6647281250227053,0.7032915350216771,0.0035078363436552087,-1.4339510433180431,1.3448375394228858,2.603196142728682,-0.22069578768542036,0,0,1,0,0,0,0,0,0,0
-0.22866565528232038,-1.4268749756897403,1.5234193708634238,0.6713453963897373,-0.7991708374066524,0.6734890380933704,0.7484001967038848,0.7032915350216771,0.714429335324424,0.742027910934961,-1.401295874411252,1.6790940785328052,-0.26208535991057386,0,0,0,0,0,0,0,1,0,0
-1.2859182667777618,0.6737061023232428,-0.09111031279732561,1.0634472225232248,0.3586429889871002,-0.3076962697998466,0.7484001967038848,-0.6694251689692691,-1.4183351616178823,1.4673542290192958,-0.028229167494183048,-0.32752754657824135,-0.19442760048595503,0,0,0,0,0,0,0,0,0,1
0.5642738033392607,-0.7266812830187459,-0.536497811738222,-0.11285825587723738,-1.5710467216691542,0.3464272687956314,0.7484001967038848,0.7032915350216771,-1.4183351616178823,-0.7086247252337085,-0.028229167494183048,0.22693369193928478,-0.2769416976537369,0,0,0,1,0,0,0,0,0,0
1.3572132619608417,0.6737061023232428,-1.427272809620015,-0.11285825587723738,0.3586429889871002,0.6734890380933704,-1.3712922858860004,-0.6694251689692691,-0.7074136626371136,-1.4339510433180431,0.6583041859643514,-1.1724208624144714,-0.284188691674792,0,0,0,0,0,0,0,0,0,1
-0.22866565528232038,0.6737061023232428,-0.9262118733115063,1.455549048656712,-0.027294953144150712,1.3276125766888485,0.04183603584058977,-0.6694251689692691,0.0035078363436552087,0.742027910934961,1.3448375394228858,-0.8027800367361208,-0.25941352859841565,0,0,0,1,0,0,0,0,0,0
0.2999606504654003,-0.7266812830187459,-0.48082437437061,0.27924357025624996,-0.4132328952754016,-1.2888815776930636,0.7484001967038848,0.016933183026203977,0.714429335324424,0.016701592850626282,0.6583041859643514,-0.37278968849803934,0.02827204371938216,0,0,0,0,0,0,0,0,1,0
0.8285869562131211,0.6737061023232428,0.13158343667312258,0.27924357025624996,-0.7991708374066524,-0.6347580390975855,0.7484001967038848,-1.3557835209647422,0.0035078363436552087,0.016701592850626282,-0.028229167494183048,0.35894827253869577,-0.20183595558552778,1,0,0,0,0,0,0,0,0,0
-1.550231419651622,-0.026487590347751562,-0.14678375016493767,-0.5049600820107247,-1.1851087795379034,1.6546743459865874,1.45496435756718,0.016933183026203977,-0.7074136626371136,0.742027910934961,-0.7147625209527175,0.3695094389866486,-0.3050883766597705,0,0,1,0,0,0,0,0,0,0
-0.4929788081561807,-0.7266812830187459,0.632644372981631,-0.5049600820107247,-0.027294953144150712,-1.2888815776930636,0.7484001967038848,-1.3557835209647422,-1.4183351616178823,-0.7086247252337085,0.6583041859643514,0.30614244029893134,-0.114394915849662,0,0,0,0,0,0,0,0,0,1
1.6215264148347022,-0.026487590347751562,-0.8148649985762823,-0.897061908144212,1.5164568153808526,-0.3076962697998466,-0.6647281250227053,0.016933183026203977,0.0035078363436552087,-1.4339510433180431,-0.7147625209527175,-0.9083917012156496,-0.2901188538554359,0,0,0,0,0,0,0,1,0,0
0.5642738033392607,-1.4268749756897403,-0.2024571875325497,0.27924357025624996,-1.1851087795379034,-1.2888815776930636,1.45496435756718,1.38964988701715,1.4253508343051926,0.016701592850626282,-0.028229167494183048,0.30614244029893134,0.02827204371938216,0,0,0,1,0,0,0,0,0,0
1.6215264148347022,-0.7266812830187459,-0.7035181238410582,-1.2891637342776994,1.5164568153808526,0.01936549949789241,0.04183603584058977,-1.3557835209647422,1.4253508343051926,0.016701592850626282,-0.028229167494183048,-0.8555858689758852,-0.31300970270068423,0,0,0,1,0,0,0,0,0,0
-1.0216051139039015,-1.4268749756897403,-1.482946246987627,1.455549048656712,0.3586429889871002,1.3276125766888485,1.45496435756718,-1.3557835209647422,0.714429335324424,-1.4339510433180431,1.3448375394228858,-1.2076247505743145,-0.25941352859841565,0,0,0,0,0,0,0,0,1,0
-0.757291961030041,-0.026487590347751562,0.8553381224520793,0.27924357025624996,1.5164568153808526,1.6546743459865874,0.04183603584058977,-0.6694251689692691,-0.7074136626371136,0.016701592850626282,0.6583041859643514,-0.11630421761918372,-0.28955039096413204,0,0,0,0,0,0,0,0,0,1
-0.4929788081561807,1.3738997949942373,1.579092808231036,-0.11285825587723738,-0.4132328952754016,-0.9618198083953245,1.45496435756718,0.016933183026203977,1.4253508343051926,-0.7086247252337085,-1.401295874411252,1.301909562534488,-0.178934730892801,0,0,0,0,0,0,0,0,0,1
1.3572132619608417,-1.4268749756897403,1.746113120333872,-1.6812655604111868,1.1305188732496019,-1.6159433469908027,-0.6647281250227053,-1.3557835209647422,-1.4183351616178823,-1.4339510433180431,1.3448375394228858,0.45015834640737973,-0.3283953552032282,0,0,1,0,0,0,0,0,0,0
0.5642738033392607,-0.7266812830187459,-0.9262118733115063,-0.5049600820107247,-0.027294953144150712,0.01936549949789241,0.04183603584058977,0.016933183026203977,-1.4183351616178823,0.742027910934961,-1.401295874411252,-0.8027800367361208,-0.2822383976955963,0,0,1,0,0,0,0,0,0,0
-0.4929788081561807,1.3738997949942373,1.3007256213929757,-0.5049600820107247,-0.7991708374066524,0.01936549949789241,-1.3712922858860004,1.38964988701715,0.0035078363436552087,1.4673542290192958,-1.401295874411252,1.467870749573748,-0.2822383976955963,0,0,0,0,0,0,1,0,0,0
-0.22866565528232038,0.6737061023232428,0.29860374877595874,1.0634472225232248,-1.1851087795379034,-0.6347580390975855,-0.6647281250227053,-0.6694251689692691,-0.7074136626371136,0.016701592850626282,-0.028229167494183048,0.8764454284883867,-0.15121219573844757,0,0,1,0,0,0,0,0,0,0
-0.757291961030041,-0.026487590347751562,-1.0932321854143425,-0.897061908144212,-1.1851087795379034,0.6734890380933704,-1.3712922858860004,-1.3557835209647422,1.4253508343051926,0.016701592850626282,-1.401295874411252,-0.7077295387045449,-0.30629202343901013,0,0,0,0,0,0,0,0,1,0
-0.22866565528232038,0.6737061023232428,-0.9262118733115063,-0.11285825587723738,0.744580931118351,0.6734890380933704,-0.6647281250227053,-1.3557835209647422,0.714429335324424,1.4673542290192958,-0.028229167494183048,-0.8978305347676967,-0.284188691674792,1,0,0,0,0,0,0,0,0,0
-1.550231419651622,0.6737061023232428,-1.2045790601495667,-1.6812655604111868,-0.027294953144150712,1.3276125766888485,-0.6647281250227053,-0.6694251689692691,0.0035078363436552087,0.016701592850626282,-0.028229167494183048,-1.0008019076352372,-0.3283953552032282,0,0,0,1,0,0,0,0,0,0
-1.0216051139039015,-0.7266812830187459,-0.9818853106791184,0.27924357025624996,-0.7991708374066524,-1.6159433469908027,-1.3712922858860004,0.016933183026203977,1.4253508343051926,1.4673542290192958,-0.7147625209527175,-0.697168372256592,3.594946032945486,0,0,0,0,1,0,0,0,0,0
0.8285869562131211,-0.7266812830187459,-1.427272809620015,-0.5049600820107247,-0.7991708374066524,-0.3076962697998466,0.04183603584058977,-0.6694251689692691,0.714429335324424,0.742027910934961,-0.028229167494183048,-1.1196150301747072,-0.2709806031815397,0,0,0,0,0,0,0,1,0,0
-0.4929788081561807,0.6737061023232428,-1.3715993722524027,1.0634472225232248,-0.7991708374066524,-0.3076962697998466,-1.3712922858860004,0.016933183026203977,0.714429335324424,-1.4339510433180431,-1.401295874411252,-1.0668091979349428,-0.19442760048595503,0,0,0,1,0,0,0,0,0,0
-0.22866565528232038,-0.026487590347751562,-1.5386196843552389,1.455549048656712,-1.5710467216691542,-1.2888815776930636,0.7484001967038848,1.38964988701715,0.0035078363436552087,0.016701592850626282,-0.028229167494183048,-1.1988237785343536,0.24227248307294838,0,0,0,0,0,1,0,0,0,0
1.3572132619608417,1.3738997949942373,0.13158343667312258,-0.5049600820107247,0.3586429889871002,-1.6159433469908027,1.45496435756718,0.016933183026203977,-0.7074136626371136,1.4673542290192958,0.6583041859643514,-0.1867119939388697,2.0256094776860003,0,0,0,0,0,0,0,0,0,1
0.035647497591539984,-1.4268749756897403,-0.42515093700299794,-0.11285825587723738,1.5164568153808526,0.3464272687956314,-1.3712922858860004,-1.3557835209647422,0.0035078363436552087,-0.7086247252337085,-0.7147625209527175,-0.7235712883764742,-0.2769416976537369,0,0,1,0,0,0,0,0,0,0
-0.757291961030041,-1.4268749756897403,0.29860374877595874,-1.6812655604111868,-1.1851087795379034,0.3464272687956314,0.7484001967038848,0.7032915350216771,-0.7074136626371136,0.016701592850626282,-0.7147625209527175,0.8764454284883867,-0.3283953552032282,0,0,0,0,0,0,0,0,1,0
-0.757291961030041,-0.026487590347751562,-0.9818853106791184,0.27924357025624996,0.3586429889871002,1.6546743459865874,-1.3712922858860004,0.016933183026203977,-1.4183351616178823,0.016701592850626282,1.3448375394228858,-0.8907897571357282,-0.28955039096413204,0,0,0,0,0,0,1,0,0,0
-1.2859182667777618,0.6737061023232428,-1.427272809620015,-1.6812655604111868,0.744580931118351,-0.6347580390975855,0.7484001967038848,0.7032915350216771,0.0035078363436552087,0.742027910934961,-1.401295874411252,-1.1829820288624244,-0.3283953552032282,0,0,0,0,0,0,0,1,0,0
-1.2859182667777618,-0.026487590347751562,-0.03543687542971356,-1.2891637342776994,1.5164568153808526,-0.3076962697998466,0.04183603584058977,-1.3557835209647422,0.714429335324424,0.742027910934961,-0.028229167494183048,-0.538750875537299,-0.309257104529332,0,0,0,0,0,0,1,0,0,0
0.035647497591539984,-0.7266812830187459,-1.3715993722524027,1.0634472225232248,-1.1851087795379034,-1.2888815776930636,-1.3712922858860004,-1.3557835209647422,0.714429335324424,-1.4339510433180431,0.6583041859643514,-1.0245645321431311,0.17093900328842626,0,0,0,0,0,0,0,0,1,0
0.5642738033392607,0.6737061023232428,0.4656240608787949,-0.5049600820107247,-1.1851087795379034,1.6546743459865874,0.7484001967038848,0.016933183026203977,0.714429335324424,0.016701592850626282,-1.401295874411252,1.0665464245515386,-0.3050883766597705,0,0,0,0,1,0,0,0,0,0
-1.0216051139039015,0.6737061023232428,0.9110115598196913,1.0634472225232248,-1.5710467216691542,-1.2888815776930636,-0.6647281250227053,1.38964988701715,0.714429335324424,1.4673542290192958,-0.028229167494183048,2.2863611492900957,0.17093900328842626,0,0,0,0,0,0,0,0,0,1
-1.0216051139039015,-1.4268749756897403,0.4656240608787949,0.27924357025624996,-0.7991708374066524,1.0005508073911094,0.7484001967038848,-1.3557835209647422,0.0035078363436552087,0.016701592850626282,1.3448375394228858,0.675783265977282,-0.2799590417692935,0,0,1,0,0,0,0,0,0,0
0.035647497591539984,0.6737061023232428,-1.3715993722524027,1.455549048656712,-0.027294953144150712,-1.2888815776930636,-1.3712922858860004,0.016933183026203977,1.4253508343051926,-0.7086247252337085,-0.028229167494183048,-1.1196150301747072,0.24227248307294838,0,0,0,0,1,0,0,0,0,0
-1.0216051139039015,0.6737061023232428,-1.1489056227819545,-0.5049600820107247,0.744580931118351,-0.9618198083953245,0.04183603584058977,0.016933183026203977,1.4253508343051926,0.016701592850626282,-0.028229167494183048,-1.0245645321431311,-0.2162998869704078,0,0,0,0,0,0,0,1,0,0
1.3572132619608417,-1.4268749756897403,0.29860374877595874,-0.11285825587723738,1.5164568153808526,-0.6347580390975855,-1.3712922858860004,-1.3557835209647422,-0.7074136626371136,0.016701592850626282,1.3448375394228858,-0.3803333788180057,-0.22714783550906786,0,0,0,0,0,0,0,0,0,1
0.5642738033392607,0.6737061023232428,0.7996646850844672,1.0634472225232248,-1.1851087795379034,1.6546743459865874,-0.6647281250227053,-0.6694251689692691,-0.7074136626371136,-1.4339510433180431,0.6583041859643514,1.4467484166778422,-0.2740124052684936,0,0,0,0,0,0,0,0,0,1
1.6215264148347022,-0.7266812830187459,-0.7591915612086703,-1.6812655604111868,-0.027294953144150712,-0.6347580390975855,0.04183603584058977,1.38964988701715,0.0035078363436552087,0.742027910934961,0.6583041859643514,-0.6839669141966509,-0.3283953552032282,0,0,0,0,0,1,0,0,0,0
0.8285869562131211,-0.026487590347751562,1.4120724961281998,-0.897061908144212,-1.5710467216691542,1.0005508073911094,-0.6647281250227053,0.7032915350216771,1.4253508343051926,-0.7086247252337085,1.3448375394228858,2.999239884526915,-0.3090208298296543,1,0,0,0,0,0,0,0,0,0
1.6215264148347022,1.3738997949942373,0.7996646850844672,-0.11285825587723738,-0.4132328952754016,-1.6159433469908027,-1.3712922858860004,0.016933183026203977,0.714429335324424,-0.7086247252337085,-0.7147625209527175,0.6682395756573156,2.810277755315743,0,0,0,0,0,0,1,0,0,0
-1.550231419651622,-1.4268749756897403,1.0780318719225275,-1.2891637342776994,-1.5710467216691542,-1.6159433469908027,0.7484001967038848,-1.3557835209647422,-1.4183351616178823,-1.4339510433180431,1.3448375394228858,2.523987394369035,0.4562729224265147,0,0,0,0,0,1,0,0,0,0
-0.4929788081561807,-1.4268749756897403,1.4677459334958118,-0.897061908144212,-1.1851087795379034,-0.6347580390975855,-0.6647281250227053,-0.6694251689692691,-1.4183351616178823,0.742027910934961,-0.7147625209527175,2.207152400930449,-0.27777159535614804,0,0,0,0,0,0,0,0,0,1
1.0929001090869814,-0.026487590347751562,0.18725687404073466,-0.5049600820107247,-1.5710467216691542,-1.2888815776930636,0.04183603584058977,1.38964988701715,0.0035078363436552087,-1.4339510433180431,0.6583041859643514,1.25664742061469,-0.114394915849662,0,0,0,0,0,0,1,0,0,0
0.2999606504654003,-1.4268749756897403,-0.48082437437061,-0.897061908144212,0.744580931118351,-0.9618198083953245,0.7484001967038848,1.38964988701715,0.0035078363436552087,0.742027910934961,-0.7147625209527175,-0.6443625400168277,-0.25366504304801457,0,0,0,0,0,0,1,0,0,0
0.035647497591539984,-0.7266812830187459,1.1893787466577517,-1.6812655604111868,-0.7991708374066524,0.01936549949789241,1.45496435756718,-1.3557835209647422,1.4253508343051926,-0.7086247252337085,1.3448375394228858,1.362259085094219,-0.3283953552032282,0,0,0,0,0,1,0,0,0,0
1.3572132619608417,0.6737061023232428,1.746113120333872,-1.2891637342776994,-1.5710467216691542,1.3276125766888485,-1.3712922858860004,1.38964988701715,0.714429335324424,-0.7086247252337085,1.3448375394228858,3.4744923746847944,-0.31977262687762664,0,0,0,0,0,0,0,0,1,0
0.5642738033392607,-0.7266812830187459,1.3563990587605876,0.27924357025624996,-0.4132328952754016,0.6734890380933704,0.04183603584058977,-0.6694251689692691,-0.7074136626371136,0.742027910934961,-1.401295874411252,1.1208609948552963,-0.27313702579268295,0,0,0,0,0,1,0,0,0,0
-0.757291961030041,1.3738997949942373,1.4677459334958118,-1.2891637342776994,0.744580931118351,-0.6347580390975855,0.7484001967038848,-1.3557835209647422,1.4253508343051926,-1.4339510433180431,-0.028229167494183048,0.4645599370182244,-0.3030834752796881,0,1,0,0,0,0,0,0,0,0
-1.0216051139039015,-0.7266812830187459,-0.5921712491058341,1.0634472225232248,0.744580931118351,-0.9618198083953245,0.04183603584058977,0.7032915350216771,-1.4183351616178823,0.016701592850626282,0.6583041859643514,-0.7077295387045449,-0.06683926265998061,0,0,0,0,0,1,0,0,0,0
-0.22866565528232038,-0.7266812830187459,1.69043968296626,-0.897061908144212,0.3586429889871002,1.0005508073911094,1.45496435756718,0.016933183026203977,0.714429335324424,0.016701592850626282,1.3448375394228858,0.7989968745367322,-0.3090208298296543,0,0,0,0,0,0,1,0,0,0
0.2999606504654003,1.3738997949942373,1.0780318719225275,0.27924357025624996,-1.5710467216691542,0.3464272687956314,-1.3712922858860004,1.38964988701715,-0.7074136626371136,0.016701592850626282,-1.401295874411252,2.523987394369035,-0.26407828326636407,0,0,0,0,0,0,0,0,0,1
-0.4929788081561807,-0.7266812830187459,0.18725687404073466,1.0634472225232248,-0.027294953144150712,0.3464272687956314,-0.6647281250227053,0.016933183026203977,-0.7074136626371136,0.016701592850626282,-1.401295874411252,-0.010692553139655081,-0.23835145449161838,0,0,0,0,0,0,1,0,0,0
-1.550231419651622,0.6737061023232428,1.579092808231036,1.0634472225232248,-1.1851087795379034,-0.9618198083953245,0.04183603584058977,-1.3557835209647422,1.4253508343051926,1.4673542290192958,-0.028229167494183048,2.3338863983058835,-0.06683926265998061,0,0,0,0,0,0,1,0,0,0
-1.2859182667777618,1.3738997949942373,1.0223584345549155,1.0634472225232248,1.1305188732496019,1.6546743459865874,1.45496435756718,0.016933183026203977,0.714429335324424,0.016701592850626282,-0.028229167494183048,0.07571699052541395,-0.2740124052684936,0,0,0,1,0,0,0,0,0,0
0.8285869562131211,-0.026487590347751562,1.3563990587605876,1.455549048656712,-0.4132328952754016,0.01936549949789241,-0.6647281250227053,-1.3557835209647422,0.714429335324424,-0.7086247252337085,0.6583041859643514,1.1208609948552963,-0.20531013518287639,0,0,0,0,0,0,0,1,0,0
-1.550231419651622,-1.4268749756897403,1.746113120333872,0.6713453963897373,-0.7991708374066524,-0.9618198083953245,0.04183603584058977,1.38964988701715,-0.7074136626371136,0.016701592850626282,-1.401295874411252,1.890317407491863,-0.1042044187375874,0,0,1,0,0,0,0,0,0,0
0.5642738033392607,-0.026487590347751562,1.0223584345549155,-1.2891637342776994,-1.1851087795379034,1.0005508073911094,-0.6647281250227053,0.016933183026203977,-0.7074136626371136,0.742027910934961,-1.401295874411252,1.7002164114287108,-0.3187080925164413,0,0,0,0,0,0,0,1,0,0
1.6215264148347022,1.3738997949942373,0.29860374877595874,1.0634472225232248,-0.7991708374066524,-0.6347580390975855,-0.6647281250227053,0.016933183026203977,-1.4183351616178823,0.016701592850626282,-0.7147625209527175,0.5173657692579888,-0.15121219573844757,0,0,0,0,0,0,0,0,1,0
0.2999606504654003,-0.7266812830187459,-0.36947749963538584,1.0634472225232248,-0.027294953144150712,0.3464272687956314,1.45496435756718,0.7032915350216771,0.0035078363436552087,-1.4339510433180431,0.6583041859643514,-0.40673629493788793,-0.23835145449161838,0,0,0,1,0,0,0,0,0,0
0.2999606504654003,-0.026487590347751562,-0.8705384359438944,-1.2891637342776994,-0.027294953144150712,1.3276125766888485,0.7484001967038848,1.38964988701715,-0.7074136626371136,0.742027910934961,0.6583041859643514,-0.7631756625562974,-0.31977262687762664,0,0,0,0,0,0,0,0,0,1
-0.757291961030041,1.3738997949942373,1.3007256213929757,-0.11285825587723738,1.5164568153808526,-1.6159433469908027,1.45496435756718,1.38964988701715,0.714429335324424,-1.4339510433180431,-0.028229167494183048,0.09491911133987381,2.810277755315743,0,0,0,0,0,0,0,0,0,1
-1.0216051139039015,-0.026487590347751562,1.3563990587605876,-0.897061908144212,-1.1851087795379034,1.3276125766888485,-0.6647281250227053,-0.6694251689692691,1.4253508343051926,0.742027910934961,0.6583041859643514,2.0804184035550146,-0.3111498985520251,1,0,0,0,0,0,0,0,0,0
1.0929001090869814,-0.7266812830187459,0.02023656193789849,0.6713453963897373,-1.5710467216691542,0.3464272687956314,1.45496435756718,-0.6694251689692691,0.0035078363436552087,0.742027910934961,1.3448375394228858,1.0190211755357508,-0.2512148688789912,0,0,0,0,0,1,0,0,0,0
0.2999606504654003,1.3738997949942373,-0.7591915612086703,0.27924357025624996,0.3586429889871002,-1.6159433469908027,1.45496435756718,0.7032915350216771,-1.4183351616178823,1.4673542290192958,0.6583041859643514,-0.7499742044963564,3.594946032945486,0,0,0,0,0,0,0,0,1,0
1.6215264148347022,-0.026487590347751562,-0.3138040622677738,0.27924357025624996,0.3586429889871002,0.01936549949789241,0.7484001967038848,0.016933183026203977,0.714429335324424,0.742027910934961,1.3448375394228858,-0.4683430992176131,-0.2514670926905083,0,0,0,0,0,1,0,0,0,0
-0.4929788081561807,-0.7266812830187459,1.1337053092901395,-0.897061908144212,0.3586429889871002,-1.2888815776930636,1.45496435756718,-0.6694251689692691,-0.7074136626371136,-0.7086247252337085,-0.7147625209527175,0.446957992938303,-0.18572839563418406,0,0,0,0,0,0,1,0,0,0
0.2999606504654003,1.3738997949942373,0.6883178103492431,1.0634472225232248,0.3586429889871002,-0.6347580390975855,-1.3712922858860004,0.7032915350216771,0.714429335324424,-1.4339510433180431,1.3448375394228858,0.16532688765955963,-0.15121219573844757,0,0,0,0,1,0,0,0,0,0
0.5642738033392607,-1.4268749756897403,1.2450521840253637,-0.11285825587723738,1.5164568153808526,-0.3076962697998466,-0.6647281250227053,0.7032915350216771,-0.7074136626371136,-1.4339510433180431,0.6583041859643514,0.06851619521999146,-0.25184235250764353,0,0,0,0,0,0,0,0,1,0
1.6215264148347022,-0.026487590347751562,0.3542771861435708,-0.5049600820107247,0.3586429889871002,-0.3076962697998466,0.7484001967038848,0.7032915350216771,-0.7074136626371136,1.4673542290192958,1.3448375394228858,-0.04589644129949788,-0.2709806031815397,0,0,0,0,0,0,0,0,1,0
0.2999606504654003,1.3738997949942373,-1.2045790601495667,1.0634472225232248,1.1305188732496019,-1.6159433469908027,1.45496435756718,1.38964988701715,0.0035078363436552087,0.016701592850626282,-1.401295874411252,-1.0764102583421726,5.164282588204972,0,0,0,0,0,1,0,0,0,0
0.035647497591539984,-0.7266812830187459,-1.5386196843552389,-0.897061908144212,0.3586429889871002,0.6734890380933704,-0.6647281250227053,0.016933183026203977,1.4253508343051926,-1.4339510433180431,0.6583041859643514,-1.2428286387341574,-0.30629202343901013,0,0,0,0,0,0,1,0,0,0
-0.22866565528232038,0.6737061023232428,1.4120724961281998,-0.11285825587723738,-1.5710467216691542,1.6546743459865874,-0.6647281250227053,-1.3557835209647422,-1.4183351616178823,-1.4339510433180431,-0.7147625209527175,2.999239884526915,-0.2973193838119513,0,1,0,0,0,0,0,0,0,0
-1.550231419651622,1.3738997949942373,-0.8705384359438944,0.27924357025624996,1.1305188732496019,0.6734890380933704,0.04183603584058977,0.7032915350216771,-1.4183351616178823,0.742027910934961,0.6583041859643514,-0.9035911710120346,-0.27313702579268295,0,0,0,0,0,0,0,1,0,0
1.0929001090869814,0.6737061023232428,1.5234193708634238,-0.5049600820107247,-0.027294953144150712,0.01936549949789241,0.04183603584058977,-1.3557835209647422,0.0035078363436552087,1.4673542290192958,-0.7147625209527175,0.9398124271761039,-0.2822383976955963,0,0,1,0,0,0,0,0,0,0
1.6215264148347022,-0.026487590347751562,1.4120724961281998,-0.897061908144212,0.3586429889871002,-0.6347580390975855,0.04183603584058977,0.7032915350216771,1.4253508343051926,0.742027910934961,-1.401295874411252,0.6229774337375175,-0.27777159535614804,0,0,0,0,0,0,0,1,0,0
1.6215264148347022,1.3738997949942373,0.40995062351118283,-0.11285825587723738,-0.027294953144150712,-1.6159433469908027,1.45496435756718,-1.3557835209647422,1.4253508343051926,0.742027910934961,0.6583041859643514,0.14772494357963825,2.810277755315743,0,0,0,0,1,0,0,0,0,0
1.6215264148347022,-0.026487590347751562,-1.0375587480467305,-1.2891637342776994,0.3586429889871002,-1.2888815776930636,0.7484001967038848,1.38964988701715,0.0035078363436552087,-1.4339510433180431,-1.401295874411252,-0.925993645295571,-0.2570618754187061,0,0,0,0,0,1,0,0,0,0
-1.550231419651622,1.3738997949942373,0.7439912477168552,-1.6812655604111868,0.744580931118351,-1.6159433469908027,-1.3712922858860004,-1.3557835209647422,0.714429335324424,-1.4339510433180431,1.3448375394228858,0.0526744455480622,-0.3283953552032282,0,0,0,0,0,0,1,0,0,0
-0.4929788081561807,-0.026487590347751562,0.8553381224520793,0.6713453963897373,1.5164568153808526,0.01936549949789241,0.04183603584058977,1.38964988701715,0.0035078363436552087,-1.4339510433180431,1.3448375394228858,-0.11630421761918372,-0.23608144018796431,0,0,1,0,0,0,0,0,0,0
0.8285869562131211,-0.026487590347751562,-0.14678375016493767,-1.6812655604111868,0.3586429889871002,-0.9618198083953245,1.45496435756718,-1.3557835209647422,1.4253508343051926,-1.4339510433180431,-1.401295874411252,-0.3627314347380843,-0.3283953552032282,0,0,0,0,0,0,0,1,0,0
1.6215264148347022,1.3738997949942373,-0.2024571875325497,-1.2891637342776994,0.3586429889871002,0.01936549949789241,-1.3712922858860004,0.7032915350216771,1.4253508343051926,0.016701592850626282,-1.401295874411252,-0.3979353228979272,-0.31300970270068423,0,1,0,0,0,0,0,0,0,0
0.2999606504654003,-1.4268749756897403,0.632644372981631,1.455549048656712,-1.5710467216691542,-0.6347580390975855,-0.6647281250227053,0.016933183026203977,-1.4183351616178823,-0.7086247252337085,0.6583041859643514,1.890317407491863,-0.1259003158149075,0,0,0,0,0,0,0,0,0,1
-1.2859182667777618,-0.7266812830187459,-1.3159259348847907,-0.5049600820107247,-0.7991708374066524,0.6734890380933704,0.04183603584058977,-0.6694251689692691,0.714429335324424,1.4673542290192958,-0.028229167494183048,-1.0140033656951783,-0.29524035755690103,0,0,0,0,0,1,0,0,0,0
1.0929001090869814,-1.4268749756897403,-0.8148649985762823,0.6713453963897373,-0.027294953144150712,-1.2888815776930636,-0.6647281250227053,0.7032915350216771,0.714429335324424,-0.7086247252337085,-1.401295874411252,-0.7235712883764742,0.09960552350390424,1,0,0,0,0,0,0,0,0,0
-0.757291961030041,-1.4268749756897403,1.5234193708634238,-1.6812655604111868,0.744580931118351,1.6546743459865874,1.45496435756718,1.38964988701715,-1.4183351616178823,0.742027910934961,1.3448375394228858,0.4962434363620832,-0.3283953552032282,0,1,0,0,0,0,0,0,0,0
1.3572132619608417,-0.026487590347751562,1.579092808231036,1.455549048656712,0.3586429889871002,0.3464272687956314,-1.3712922858860004,0.7032915350216771,0.714429335324424,-0.7086247252337085,-0.028229167494183048,0.7285890982170464,-0.2254880401042455,1,0,0,0,0,0,0,0,0,0
-0.757291961030041,-1.4268749756897403,1.0223584345549155,0.6713453963897373,0.3586429889871002,0.6734890380933704,-0.6647281250227053,-0.6694251689692691,-0.7074136626371136,0.016701592850626282,-1.401295874411252,0.37655021661861715,-0.26208535991057386,1,0,0,0,0,0,0,0,0,0
1.6215264148347022,-1.4268749756897403,-0.25813062490016175,-1.2891637342776994,-0.4132328952754016,0.6734890380933704,-0.6647281250227053,-1.3557835209647422,-0.7074136626371136,1.4673542290192958,1.3448375394228858,-0.19174112081884723,-0.31734368932111917,0,1,0,0,0,0,0,0,0,0
-0.757291961030041,-0.7266812830187459,-1.0932321854143425,1.455549048656712,-0.7991708374066524,0.01936549949789241,0.04183603584058977,-0.6694251689692691,0.714429335324424,-0.7086247252337085,0.6583041859643514,-0.8027800367361208,-0.20531013518287639,0,0,0,0,0,0,0,1,0,0
1.0929001090869814,-0.7266812830187459,0.29860374877595874,-0.11285825587723738,1.1305188732496019,1.0005508073911094,-0.6647281250227053,-0.6694251689692691,-1.4183351616178823,0.016701592850626282,1.3448375394228858,-0.2987243653565517,-0.2896463044560804,0,0,0,0,0,0,0,0,1,0
1.0929001090869814,0.6737061023232428,-0.25813062490016175,0.27924357025624996,0.744580931118351,1.6546743459865874,1.45496435756718,1.38964988701715,-1.4183351616178823,0.742027910934961,1.3448375394228858,-0.5176285426413931,-0.28955039096413204,0,1,0,0,0,0,0,0,0,0
0.035647497591539984,1.3738997949942373,1.0780318719225275,1.0634472225232248,1.1305188732496019,-1.2888815776930636,0.04183603584058977,-0.6694251689692691,0.0035078363436552087,1.4673542290192958,-0.7147625209527175,0.10452017174710361,0.17093900328842626,0,1,0,0,0,0,0,0,0,0
-1.0216051139039015,-0.026487590347751562,-0.9818853106791184,-0.5049600820107247,-0.7991708374066524,0.6734890380933704,-0.6647281250227053,-1.3557835209647422,0.714429335324424,-0.7086247252337085,1.3448375394228858,-0.697168372256592,-0.29524035755690103,0,0,0,0,0,0,1,0,0,0
-0.757291961030041,1.3738997949942373,1.4120724961281998,1.455549048656712,-0.7991708374066524,0.6734890380933704,0.7484001967038848,1.38964988701715,0.0035078363436552087,0.016701592850626282,-0.028229167494183048,1.5734824140532768,-0.23998202814635577,0,0,1,0,0,0,0,0,0,0
-1.550231419651622,1.3738997949942373,-0.09111031279732561,1.455549048656712,-0.7991708374066524,0.01936549949789241,1.45496435756718,-0.6694251689692691,1.4253508343051926,0.016701592850626282,-1.401295874411252,0.14772494357963825,-0.20531013518287639,1,0,0,0,0,0,0,0,0,0
0.2999606504654003,1.3738997949942373,0.9666849971873034,-0.897061908144212,1.5164568153808526,-0.9618198083953245,1.45496435756718,0.7032915350216771,-1.4183351616178823,-1.4339510433180431,-0.028229167494183048,-0.06349838537941928,-0.25366504304801457,0,0,0,0,0,1,0,0,0,0
0.8285869562131211,-0.7266812830187459,-0.48082437437061,0.27924357025624996,-0.4132328952754016,1.6546743459865874,1.45496435756718,1.38964988701715,0.0035078363436552087,-1.4339510433180431,0.6583041859643514,-0.37278968849803934,-0.28955039096413204,0,0,0,0,1,0,0,0,0,0
-0.757291961030041,0.6737061023232428,0.07590999930551054,-0.897061908144212,-1.5710467216691542,-0.9618198083953245,-0.6647281250227053,0.016933183026203977,1.4253508343051926,-1.4339510433180431,-0.028229167494183048,1.098229923895397,-0.25366504304801457,0,0,0,0,1,0,0,0,0,0
-0.22866565528232038,1.3738997949942373,0.13158343667312258,1.455549048656712,1.1305188732496019,0.01936549949789241,0.7484001967038848,0.7032915350216771,0.0035078363436552087,0.742027910934961,-0.028229167494183048,-0.3851339090216206,-0.20531013518287639,0,0,1,0,0,0,0,0,0,0
0.2999606504654003,-1.4268749756897403,1.3563990587605876,0.27924357025624996,-0.027294953144150712,-0.6347580390975855,1.45496435756718,-1.3557835209647422,-1.4183351616178823,0.016701592850626282,-1.401295874411252,0.820999304636634,-0.20183595558552778,0,0,0,1,0,0,0,0,0,0
-0.757291961030041,-1.4268749756897403,0.40995062351118283,-1.6812655604111868,0.3586429889871002,1.6546743459865874,-1.3712922858860004,0.016933183026203977,0.714429335324424,0.016701592850626282,-0.7147625209527175,-0.010692553139655081,-0.3283953552032282,0,1,0,0,0,0,0,0,0,0
-1.2859182667777618,0.6737061023232428,-0.36947749963538584,-0.11285825587723738,-0.027294953144150712,-0.9618198083953245,-0.6647281250227053,0.016933183026203977,-1.4183351616178823,0.016701592850626282,-1.401295874411252,-0.40673629493788793,-0.178934730892801,0,0,1,0,0,0,0,0,0,0
1.6215264148347022,0.6737061023232428,-1.482946246987627,-0.5049600820107247,-1.5710467216691542,1.6546743459865874,0.04183603584058977,1.38964988701715,1.4253508343051926,1.4673542290192958,-0.028229167494183048,-1.1196150301747072,-0.3050883766597705,0,1,0,0,0,0,0,0,0,0
1.3572132619608417,-0.026487590347751562,1.3563990587605876,-0.5049600820107247,1.1305188732496019,-1.6159433469908027,0.04183603584058977,0.7032915350216771,-0.7074136626371136,1.4673542290192958,-1.401295874411252,0.24853607785555198,2.0256094776860003,0,1,0,0,0,0,0,0,0,0
1.0929001090869814,-0.026487590347751562,0.02023656193789849,-1.2891637342776994,-0.027294953144150712,-1.6159433469908027,0.7484001967038848,0.016933183026203977,1.4253508343051926,1.4673542290192958,-0.028229167494183048,-0.12950567567912477,0.4562729224265147,1,0,0,0,0,0,0,0,0,0
1.3572132619608417,0.6737061023232428,0.9110115598196913,0.6713453963897373,-0.027294953144150712,0.3464272687956314,-1.3712922858860004,-0.6694251689692691,0.714429335324424,-0.7086247252337085,-1.401295874411252,0.5041643111980478,-0.2512148688789912,0,0,1,0,0,0,0,0,0,0
1.6215264148347022,0.6737061023232428,-1.594293121722851,-1.2891637342776994,-0.7991708374066524,1.3276125766888485,1.45496435756718,0.016933183026203977,0.714429335324424,-1.4339510433180431,1.3448375394228858,-1.2780325268940003,-0.31977262687762664,0,1,0,0,0,0,0,0,0,0
0.035647497591539984,-0.7266812830187459,0.3542771861435708,-0.11285825587723738,-1.1851087795379034,1.0005508073911094,0.04183603584058977,-0.6694251689692691,0.714429335324424,0.742027910934961,0.6583041859643514,0.9398124271761039,-0.2896463044560804,0,0,0,0,0,0,1,0,0,0
-0.757291961030041,-0.026487590347751562,-0.8705384359438944,-1.2891637342776994,-1.1851087795379034,0.01936549949789241,-0.6647281250227053,-1.3557835209647422,0.0035078363436552087,-0.7086247252337085,-0.7147625209527175,-0.4542615439536758,-0.31300970270068423,0,0,0,1,0,0,0,0,0,0
-1.550231419651622,-0.7266812830187459,0.576970935614019,0.6713453963897373,-0.4132328952754016,0.6734890380933704,-1.3712922858860004,1.38964988701715,0.714429335324424,-1.4339510433180431,-0.028229167494183048,0.4871910079781235,-0.26208535991057386,0,0,0,0,1,0,0,0,0,0
-1.0216051139039015,0.6737061023232428,1.3007256213929757,1.0634472225232248,-0.4132328952754016,-1.2888815776930636,1.45496435756718,-1.3557835209647422,-0.7074136626371136,0.016701592850626282,1.3448375394228858,1.0755988529354983,0.17093900328842626,0,0,0,0,0,0,0,1,0,0
1.0929001090869814,1.3738997949942373,0.02023656193789849,1.455549048656712,-1.1851087795379034,-0.6347580390975855,-0.6647281250227053,-0.6694251689692691,0.0035078363436552087,0.742027910934961,-0.028229167494183048,0.5596104350498005,-0.1259003158149075,0,0,1,0,0,0,0,0,0,0
1.6215264148347022,-1.4268749756897403,0.13158343667312258,-0.897061908144212,1.1305188732496019,-1.6159433469908027,0.7484001967038848,0.7032915350216771,1.4253508343051926,-0.7086247252337085,-0.028229167494183048,-0.3851339090216206,1.2409412000562576,0,0,0,0,1,0,0,0,0,0
-0.4929788081561807,-1.4268749756897403,0.8553381224520793,0.27924357025624996,0.744580931118351,-0.9618198083953245,0.7484001967038848,0.016933183026203977,-1.4183351616178823,-0.7086247252337085,-0.028229167494183048,0.11604144423577949,-0.14156957481519422,0,0,1,0,0,0,0,0,0,0
-1.0216051139039015,-0.026487590347751562,-0.36947749963538584,-1.6812655604111868,1.5164568153808526,-1.6159433469908027,1.45496435756718,-0.6694251689692691,-0.7074136626371136,0.742027910934961,-1.401295874411252,-0.697168372256592,-0.3283953552032282,0,0,0,0,0,0,0,0,0,1
0.035647497591539984,1.3738997949942373,1.69043968296626,-1.6812655604111868,1.1305188732496019,0.3464272687956314,-1.3712922858860004,0.016933183026203977,-0.7074136626371136,0.742027910934961,1.3448375394228858,0.42135516518569005,-0.3283953552032282,0,1,0,0,0,0,0,0,0,0
-0.4929788081561807,-1.4268749756897403,0.8553381224520793,-1.2891637342776994,-0.4132328952754016,-1.6159433469908027,-0.6647281250227053,1.38964988701715,0.714429335324424,1.4673542290192958,0.6583041859643514,0.7135017175771137,0.4562729224265147,0,0,1,0,0,0,0,0,0,0
-1.2859182667777618,-0.026487590347751562,0.3542771861435708,-0.5049600820107247,-0.4132328952754016,0.3464272687956314,-1.3712922858860004,1.38964988701715,0.714429335324424,-0.7086247252337085,-1.401295874411252,0.30614244029893134,-0.2898051120411097,0,0,1,0,0,0,0,0,0,0
0.5642738033392607,1.3738997949942373,-1.482946246987627,-0.11285825587723738,0.744580931118351,-1.2888815776930636,0.7484001967038848,1.38964988701715,1.4253508343051926,1.4673542290192958,-0.028229167494183048,-1.214665528206283,-0.043061436065139916,0,0,0,0,0,0,1,0,0,0
1.3572132619608417,1.3738997949942373,0.7996646850844672,1.455549048656712,1.5164568153808526,-1.6159433469908027,-0.6647281250227053,0.7032915350216771,1.4253508343051926,-1.4339510433180431,-0.028229167494183048,-0.14270713373906607,5.948950865834715,0,0,0,0,0,0,0,1,0,0
0.8285869562131211,1.3738997949942373,0.8553381224520793,0.6713453963897373,0.744580931118351,-0.9618198083953245,0.7484001967038848,-1.3557835209647422,1.4253508343051926,1.4673542290192958,-0.028229167494183048,0.11604144423577949,-0.1042044187375874,1,0,0,0,0,0,0,0,0,0
0.035647497591539984,0.6737061023232428,1.4677459334958118,0.6713453963897373,0.3586429889871002,1.6546743459865874,1.45496435756718,0.7032915350216771,0.714429335324424,1.4673542290192958,-1.401295874411252,0.6581813218973606,-0.2817813981163128,0,0,0,0,1,0,0,0,0,0
0.8285869562131211,1.3738997949942373,-1.482946246987627,-1.2891637342776994,1.1305188732496019,-0.3076962697998466,0.7484001967038848,1.38964988701715,0.0035078363436552087,1.4673542290192958,-0.7147625209527175,-1.220426164450621,-0.309257104529332,0,0,0,0,1,0,0,0,0,0
1.3572132619608417,0.6737061023232428,-1.2045790601495667,1.0634472225232248,0.3586429889871002,-1.2888815776930636,-0.6647281250227053,-0.6694251689692691,0.0035078363436552087,0.016701592850626282,1.3448375394228858,-1.0316053097751,0.17093900328842626,0,0,0,0,1,0,0,0,0,0
-1.2859182667777618,-0.026487590347751562,-0.8148649985762823,-0.5049600820107247,-1.5710467216691542,1.0005508073911094,0.04183603584058977,1.38964988701715,-0.7074136626371136,-0.7086247252337085,1.3448375394228858,-0.16911004985894817,-0.29933356714286735,0,0,0,0,0,0,0,0,1,0
0.2999606504654003,0.6737061023232428,-1.427272809620015,1.455549048656712,-0.4132328952754016,0.3464272687956314,-0.6647281250227053,-1.3557835209647422,-1.4183351616178823,0.742027910934961,1.3448375394228858,-1.1422461011346061,-0.2254880401042455,0,0,0,1,0,0,0,0,0,0
-0.22866565528232038,-0.7266812830187459,-0.6478446864734462,-0.5049600820107247,1.1305188732496019,0.01936549949789241,-0.6647281250227053,0.7032915350216771,0.0035078363436552087,0.016701592850626282,1.3448375394228858,-0.7883784461252761,-0.2822383976955963,0,0,0,1,0,0,0,0,0,0
-0.757291961030041,0.6737061023232428,0.7996646850844672,-0.11285825587723738,1.5164568153808526,1.3276125766888485,-1.3712922858860004,-1.3557835209647422,-0.7074136626371136,1.4673542290192958,-1.401295874411252,-0.14270713373906607,-0.29390444190082193,0,0,0,0,0,1,0,0,0,0
-1.550231419651622,-0.026487590347751562,0.4656240608787949,0.6713453963897373,-0.7991708374066524,0.6734890380933704,-1.3712922858860004,0.016933183026203977,-1.4183351616178823,-1.4339510433180431,-0.7147625209527175,0.675783265977282,-0.26208535991057386,0,0,0,0,0,0,1,0,0,0
-0.757291961030041,-0.026487590347751562,1.746113120333872,0.6713453963897373,-1.5710467216691542,-0.6347580390975855,1.45496435756718,-1.3557835209647422,0.0035078363436552087,0.742027910934961,1.3448375394228858,3.4744923746847944,-0.17652407566198766,0,0,0,0,0,0,0,0,0,1
1.3572132619608417,-0.7266812830187459,0.9110115598196913,-1.6812655604111868,1.5164568153808526,0.3464272687956314,1.45496435756718,-1.3557835209647422,-0.7074136626371136,1.4673542290192958,-0.7147625209527175,-0.08990130149930163,-0.3283953552032282,0,0,0,1,0,0,0,0,0,0
1.3572132619608417,1.3738997949942373,-0.09111031279732561,-0.11285825587723738,-0.4132328952754016,-1.6159433469908027,0.04183603584058977,0.016933183026203977,0.0035078363436552087,-0.7086247252337085,-1.401295874411252,-0.05595469505945318,2.810277755315743,0,0,0,0,0,0,0,1,0,0
0.035647497591539984,-0.7266812830187459,1.4120724961281998,-1.2891637342776994,-0.027294953144150712,-0.6347580390975855,0.04183603584058977,1.38964988701715,0.0035078363436552087,1.4673542290192958,-1.401295874411252,0.8606036788164574,-0.3030834752796881,0,0,0,0,0,0,0,0,0,1
0.5642738033392607,1.3738997949942373,0.02023656193789849,-0.5049600820107247,1.5164568153808526,0.01936549949789241,0.04183603584058977,-0.6694251689692691,0.0035078363436552087,-1.4339510433180431,1.3448375394228858,-0.5123479594174167,-0.2822383976955963,0,0,1,0,0,0,0,0,0,0
0.2999606504654003,0.6737061023232428,1.1893787466577517,1.455549048656712,0.744580931118351,1.0005508073911094,0.7484001967038848,0.7032915350216771,1.4253508343051926,0.016701592850626282,-0.7147625209527175,0.30614244029893134,-0.2508972537089326,0,0,0,0,0,0,0,1,0,0
-1.0216051139039015,1.3738997949942373,1.0223584345549155,1.0634472225232248,0.3586429889871002,-0.9618198083953245,-1.3712922858860004,0.7032915350216771,-1.4183351616178823,0.742027910934961,-1.401295874411252,0.37655021661861715,-0.06683926265998061,0,0,0,0,1,0,0,0,0,0
0.2999606504654003,-1.4268749756897403,-0.03543687542971356,-1.6812655604111868,-0.7991708374066524,-1.6159433469908027,-1.3712922858860004,-1.3557835209647422,-1.4183351616178823,-0.7086247252337085,-0.028229167494183048,0.20053077581940246,-0.3283953552032282,0,1,0,0,0,0,0,0,0,0
0.8285869562131211,-0.7266812830187459,1.4677459334958118,-1.2891637342776994,-0.027294953144150712,-0.9618198083953245,-1.3712922858860004,0.7032915350216771,-0.7074136626371136,0.742027910934961,-0.028229167494183048,0.9002080529962805,-0.29103019912562145,0,0,0,0,0,0,0,1,0,0
-0.22866565528232038,-1.4268749756897403,-1.482946246987627,0.27924357025624996,-0.4132328952754016,-0.3076962697998466,0.7484001967038848,-0.6694251689692691,1.4253508343051926,-1.4339510433180431,-1.401295874411252,-1.1875082430544042,-0.2327041018337474,1,0,0,0,0,0,0,0,0,0
0.5642738033392607,-0.7266812830187459,0.40995062351118283,-1.2891637342776994,-0.4132328952754016,-1.6159433469908027,0.7484001967038848,0.016933183026203977,-0.7074136626371136,0.742027910934961,-0.7147625209527175,0.35140458221872944,0.4562729224265147,1,0,0,0,0,0,0,0,0,0
-0.22866565528232038,-0.026487590347751562,-0.7035181238410582,-0.5049600820107247,-0.027294953144150712,1.6546743459865874,-1.3712922858860004,-0.6694251689692691,-1.4183351616178823,0.742027910934961,-1.401295874411252,-0.6443625400168277,-0.3050883766597705,0,1,0,0,0,0,0,0,0,0
-1.550231419651622,-1.4268749756897403,0.40995062351118283,1.0634472225232248,-1.1851087795379034,-0.9618198083953245,-1.3712922858860004,-1.3557835209647422,-1.4183351616178823,0.742027910934961,-0.028229167494183048,1.003179425863821,-0.06683926265998061,0,1,0,0,0,0,0,0,0,0
0.8285869562131211,-1.4268749756897403,0.9110115598196913,1.455549048656712,1.5164568153808526,0.3464272687956314,-1.3712922858860004,1.38964988701715,0.0035078363436552087,-1.4339510433180431,-0.028229167494183048,-0.08990130149930163,-0.2254880401042455,0,0,0,0,0,0,0,0,0,1
-0.757291961030041,-1.4268749756897403,0.40995062351118283,1.455549048656712,-1.1851087795379034,0.01936549949789241,-0.6647281250227053,0.016933183026203977,-1.4183351616178823,-1.4339510433180431,-0.028229167494183048,1.003179425863821,-0.20531013518287639,0,0,1,0,0,0,0,0,0,0
0.8285869562131211,-0.7266812830187459,1.69043968296626,1.455549048656712,0.3586429889871002,-0.6347580390975855,0.7484001967038848,-0.6694251689692691,0.0035078363436552087,-1.4339510433180431,0.6583041859643514,0.7989968745367322,-0.1259003158149075,0,0,1,0,0,0,0,0,0,0
-0.4929788081561807,-1.4268749756897403,0.40995062351118283,1.0634472225232248,-0.7991708374066524,-0.9618198083953245,1.45496435756718,0.016933183026203977,-0.7074136626371136,1.4673542290192958,-1.401295874411252,0.6229774337375175,-0.06683926265998061,0,0,0,0,0,0,1,0,0,0
1.6215264148347022,1.3738997949942373,0.7439912477168552,-0.897061908144212,-0.4132328952754016,0.01936549949789241,0.04183603584058977,0.016933183026203977,0.714429335324424,0.742027910934961,1.3448375394228858,0.6229774337375175,-0.29762405019814026,0,1,0,0,0,0,0,0,0,0
1.0929001090869814,-0.026487590347751562,0.2429303114083467,1.455549048656712,-1.5710467216691542,-1.6159433469908027,-1.3712922858860004,-0.6694251689692691,-0.7074136626371136,1.4673542290192958,-1.401295874411252,1.335856168974337,5.948950865834715,0,0,1,0,0,0,0,0,0,0
1.3572132619608417,0.6737061023232428,-0.25813062490016175,1.455549048656712,-1.5710467216691542,0.01936549949789241,0.04183603584058977,0.016933183026203977,1.4253508343051926,1.4673542290192958,-1.401295874411252,0.6229774337375175,-0.20531013518287639,1,0,0,0,0,0,0,0,0,0
0.2999606504654003,1.3738997949942373,0.8553381224520793,0.27924357025624996,1.5164568153808526,0.6734890380933704,1.45496435756718,-1.3557835209647422,-1.4183351616178823,-1.4339510433180431,1.3448375394228858,-0.11630421761918372,-0.27313702579268295,0,1,0,0,0,0,0,0,0,0
0.2999606504654003,-1.4268749756897403,0.5212974982464069,1.0634472225232248,1.1305188732496019,1.3276125766888485,0.04183603584058977,-1.3557835209647422,0.0035078363436552087,-0.7086247252337085,0.6583041859643514,-0.183511640469793,-0.2680362569240172,0,0,0,0,0,0,0,0,0,1
-0.757291961030041,-1.4268749756897403,0.576970935614019,-0.897061908144212,-1.5710467216691542,-1.6159433469908027,-1.3712922858860004,1.38964988701715,1.4253508343051926,1.4673542290192958,1.3448375394228858,1.811108659132216,1.2409412000562576,1,0,0,0,0,0,0,0,0,0
0.2999606504654003,1.3738997949942373,0.2429303114083467,0.27924357025624996,-1.5710467216691542,0.3464272687956314,1.45496435756718,0.7032915350216771,1.4253508343051926,0.016701592850626282,-0.7147625209527175,1.335856168974337,-0.26407828326636407,0,0,0,0,0,0,0,0,1,0
1.6215264148347022,-1.4268749756897403,-0.7591915612086703,-0.11285825587723738,-1.1851087795379034,0.3464272687956314,-0.6647281250227053,0.016933183026203977,-1.4183351616178823,0.016701592850626282,-0.028229167494183048,-0.32752754657824135,-0.2769416976537369,0,0,0,0,0,0,0,0,0,1
1.0929001090869814,0.6737061023232428,-0.48082437437061,-0.897061908144212,-0.027294953144150712,0.3464272687956314,1.45496435756718,0.016933183026203977,-0.7074136626371136,1.4673542290192958,-1.401295874411252,-0.48594504329753446,-0.3026685264284825,0,0,1,0,0,0,0,0,0,0
-1.550231419651622,-0.026487590347751562,-0.25813062490016175,-1.2891637342776994,1.1305188732496019,-1.6159433469908027,-1.3712922858860004,-1.3557835209647422,1.4253508343051926,1.4673542290192958,1.3448375394228858,-0.5867561775734483,0.4562729224265147,0,0,0,0,0,0,0,0,1,0
-0.757291961030041,0.6737061023232428,0.40995062351118283,0.6713453963897373,1.1305188732496019,-0.6347580390975855,0.04183603584058977,-1.3557835209647422,-1.4183351616178823,1.4673542290192958,-0.028229167494183048,-0.24111800291317234,-0.17652407566198766,0,0,0,0,0,0,0,0,1,0
0.2999606504654003,-1.4268749756897403,0.576970935614019,0.6713453963897373,0.744580931118351,-1.2888815776930636,-0.6647281250227053,-1.3557835209647422,-0.7074136626371136,0.016701592850626282,0.6583041859643514,-0.0423760524835136,0.09960552350390424,0,0,0,0,0,0,0,0,0,1
1.6215264148347022,-1.4268749756897403,-0.536497811738222,0.27924357025624996,0.3586429889871002,-0.3076962697998466,-0.6647281250227053,-0.6694251689692691,-0.7074136626371136,1.4673542290192958,-0.028229167494183048,-0.6091586518569847,-0.2327041018337474,0,0,0,1,0,0,0,0,0,0
-0.757291961030041,-1.4268749756897403,-1.0375587480467305,-1.6812655604111868,-1.1851087795379034,1.3276125766888485,0.04183603584058977,-1.3557835209647422,0.714429335324424,-0.7086247252337085,-0.028229167494183048,-0.6443625400168277,-0.3283953552032282,0,0,0,0,0,0,0,0,0,1
0.035647497591539984,-0.7266812830187459,-1.1489056227819545,0.6713453963897373,-1.5710467216691542,0.3464272687956314,0.7484001967038848,0.7032915350216771,1.4253508343051926,0.742027910934961,-0.7147625209527175,-0.6443625400168277,-0.2512148688789912,0,0,1,0,0,0,0,0,0,0
0.035647497591539984,-0.026487590347751562,-0.42515093700299794,1.455549048656712,-1.1851087795379034,-1.6159433469908027,0.7484001967038848,0.7032915350216771,1.4253508343051926,-1.4339510433180431,0.6583041859643514,0.0526744455480622,5.948950865834715,0,0,0,0,1,0,0,0,0,0
0.035647497591539984,0.6737061023232428,0.2429303114083467,1.0634472225232248,0.744580931118351,0.6734890380933704,-1.3712922858860004,1.38964988701715,0.0035078363436552087,0.016701592850626282,1.3448375394228858,-0.23247704854666545,-0.2510336940284648,0,0,0,0,0,0,1,0,0,0
1.3572132619608417,-0.026487590347751562,0.576970935614019,-0.11285825587723738,-1.1851087795379034,-1.2888815776930636,1.45496435756718,-1.3557835209647422,0.0035078363436552087,-0.7086247252337085,0.6583041859643514,1.193280421926973,-0.043061436065139916,0,1,0,0,0,0,0,0,0,0
-1.2859182667777618,0.6737061023232428,-0.09111031279732561,0.6713453963897373,0.744580931118351,0.3464272687956314,1.45496435756718,0.016933183026203977,0.714429335324424,0.742027910934961,0.6583041859643514,-0.4225780446098172,-0.2512148688789912,0,0,0,0,0,0,0,1,0,0
-1.0216051139039015,-0.026487590347751562,-0.7591915612086703,-0.897061908144212,1.5164568153808526,-1.6159433469908027,-1.3712922858860004,-0.6694251689692691,1.4253508343051926,-0.7086247252337085,-0.028229167494183048,-0.8819887850957673,1.2409412000562576,0,0,0,0,0,0,0,0,1,0
-0.22866565528232038,1.3738997949942373,-0.42515093700299794,1.0634472225232248,1.5164568153808526,-0.3076962697998466,1.45496435756718,0.7032915350216771,-0.7074136626371136,0.016701592850626282,-0.028229167494183048,-0.7235712883764742,-0.19442760048595503,1,0,0,0,0,0,0,0,0,0
-1.550231419651622,-0.026487590347751562,-1.0932321854143425,0.6713453963897373,0.744580931118351,0.3464272687956314,0.04183603584058977,0.7032915350216771,0.714429335324424,0.742027910934961,-1.401295874411252,-0.9928810327992726,-0.2512148688789912,0,0,1,0,0,0,0,0,0,0
0.035647497591539984,0.6737061023232428,1.0780318719225275,-1.6812655604111868,-0.4132328952754016,0.01936549949789241,-0.6647281250227053,1.38964988701715,0.0035078363436552087,0.016701592850626282,-1.401295874411252,0.8945502852563059,-0.3283953552032282,0,0,0,0,0,0,1,0,0,0
-1.550231419651622,-0.026487590347751562,1.3007256213929757,-1.2891637342776994,-1.1851087795379034,0.01936549949789241,1.45496435756718,-0.6694251689692691,-1.4183351616178823,0.016701592850626282,1.3448375394228858,2.0170514048672974,-0.31300970270068423,0,0,0,0,0,0,0,1,0,0
0.2999606504654003,-0.7266812830187459,-0.48082437437061,0.27924357025624996,0.3586429889871002,-1.2888815776930636,0.7484001967038848,1.38964988701715,1.4253508343051926,0.742027910934961,0.6583041859643514,-0.5739547636971418,0.02827204371938216,0,0,0,0,0,0,0,0,0,1
1.3572132619608417,-0.7266812830187459,-1.0932321854143425,0.6713453963897373,-0.7991708374066524,0.6734890380933704,0.04183603584058977,1.38964988701715,0.0035078363436552087,0.016701592850626282,0.6583041859643514,-0.8027800367361208,-0.26208535991057386,0,0,0,0,0,1,0,0,0,0
-1.2859182667777618,1.3738997949942373,-1.427272809620015,1.455549048656712,1.5164568153808526,0.6734890380933704,-1.3712922858860004,-0.6694251689692691,-0.7074136626371136,-1.4339510433180431,-1.401295874411252,-1.1988237785343536,-0.23998202814635577,1,0,0,0,0,0,0,0,0,0
0.035647497591539984,1.3738997949942373,-1.427272809620015,-0.11285825587723738,-0.027294953144150712,0.6734890380933704,-1.3712922858860004,-1.3557835209647422,-0.7074136626371136,0.016701592850626282,-0.7147625209527175,-1.1592194043545303,-0.284188691674792,1,0,0,0,0,0,0,0,0,0
1.3572132619608417,-0.026487590347751562,0.40995062351118283,-0.11285825587723738,-0.4132328952754016,-0.6347580390975855,1.45496435756718,-1.3557835209647422,1.4253508343051926,1.4673542290192958,-1.401295874411252,0.35140458221872944,-0.22714783550906786,0,1,0,0,0,0,0,0,0,0
1.6215264148347022,-1.4268749756897403,0.4656240608787949,-0.11285825587723738,1.5164568153808526,1.6546743459865874,0.7484001967038848,0.016933183026203977,1.4253508343051926,0.742027910934961,-0.7147625209527175,-0.30112463045835913,-0.2973193838119513,0,0,0,0,0,0,0,0,1,0
0.5642738033392607,0.6737061023232428,-0.8705384359438944,-0.897061908144212,-0.4132328952754016,-0.6347580390975855,-1.3712922858860004,0.016933183026203977,0.0035078363436552087,1.4673542290192958,1.3448375394228858,-0.6896246819366256,-0.27777159535614804,0,0,0,0,0,0,1,0,0,0
-1.0216051139039015,-1.4268749756897403,-1.3159259348847907,1.0634472225232248,-1.5710467216691542,-0.3076962697998466,1.45496435756718,-1.3557835209647422,1.4253508343051926,0.016701592850626282,0.6583041859643514,-0.8819887850957673,-0.19442760048595503,0,0,0,0,0,0,0,0,0,1
1.0929001090869814,-0.026487590347751562,-1.3159259348847907,1.0634472225232248,1.1305188732496019,0.3464272687956314,1.45496435756718,0.7032915350216771,0.714429335324424,-1.4339510433180431,1.3448375394228858,-1.134016620785552,-0.23835145449161838,0,0,0,0,0,0,0,1,0,0
1.3572132619608417,-1.4268749756897403,0.6883178103492431,1.0634472225232248,1.1305188732496019,1.0005508073911094,0.04183603584058977,0.7032915350216771,1.4253508343051926,1.4673542290192958,-0.7147625209527175,-0.0971020968047241,-0.26058451639571956,0,0,0,0,0,0,0,1,0,0
0.035647497591539984,-1.4268749756897403,0.13158343667312258,-0.11285825587723738,0.3586429889871002,-0.3076962697998466,0.7484001967038848,0.016933183026203977,1.4253508343051926,-0.7086247252337085,-1.401295874411252,-0.1867119939388697,-0.25184235250764353,0,0,0,0,0,0,0,0,0,1
0.8285869562131211,-0.026487590347751562,0.576970935614019,-1.2891637342776994,-0.7991708374066524,-1.2888815776930636,0.04183603584058977,-1.3557835209647422,-0.7074136626371136,-1.4339510433180431,0.6583041859643514,0.7813949304568109,-0.2570618754187061,0,0,0,0,0,1,0,0,0,0
-0.757291961030041,0.6737061023232428,0.2429303114083467,-1.2891637342776994,-0.4132328952754016,-1.2888815776930636,0.04183603584058977,1.38964988701715,-0.7074136626371136,1.4673542290192958,-0.7147625209527175,0.21561815645933516,-0.2570618754187061,0,0,0,0,0,0,0,0,0,1
0.8285869562131211,-1.4268749756897403,-0.5921712491058341,-1.2891637342776994,-0.4132328952754016,0.01936549949789241,1.45496435756718,-1.3557835209647422,0.0035078363436552087,-0.7086247252337085,-1.401295874411252,-0.46331397233763544,-0.31300970270068423,0,0,1,0,0,0,0,0,0,0
0.035647497591539984,-0.7266812830187459,-1.427272809620015,1.0634472225232248,-0.7991708374066524,0.01936549949789241,-1.3712922858860004,-1.3557835209647422,0.714429335324424,-0.7086247252337085,-1.401295874411252,-1.1196150301747072,-0.22069578768542036,0,0,0,1,0,0,0,0,0,0
0.5642738033392607,-0.026487590347751562,0.29860374877595874,-0.897061908144212,0.3586429889871002,-0.6347580390975855,0.04183603584058977,0.016933183026203977,1.4253508343051926,-0.7086247252337085,-1.401295874411252,-0.08110032945934093,-0.27777159535614804,0,0,1,0,0,0,0,0,0,0
-0.4929788081561807,-1.4268749756897403,0.4656240608787949,-0.897061908144212,1.1305188732496019,-0.9618198083953245,-0.6647281250227053,0.7032915350216771,0.0035078363436552087,0.016701592850626282,0.6583041859643514,-0.21231482169148266,-0.25366504304801457,1,0,0,0,0,0,0,0,0,0
1.3572132619608417,-0.7266812830187459,-0.25813062490016175,0.27924357025624996,-0.027294953144150712,1.3276125766888485,-1.3712922858860004,0.7032915350216771,0.714429335324424,1.4673542290192958,-1.401295874411252,-0.32752754657824135,-0.28528171357522036,0,1,0,0,0,0,0,0,0,0
0.2999606504654003,-0.7266812830187459,1.1337053092901395,-0.11285825587723738,-0.027294953144150712,0.6734890380933704,1.45496435756718,0.016933183026203977,-0.7074136626371136,-0.7086247252337085,1.3448375394228858,0.6625818079173409,-0.284188691674792,0,0,0,0,0,0,0,0,1,0
0.2999606504654003,-0.7266812830187459,-0.8705384359438944,-1.2891637342776994,0.744580931118351,0.01936549949789241,-0.6647281250227053,1.38964988701715,0.0035078363436552087,-0.7086247252337085,1.3448375394228858,-0.8661470354238381,-0.31300970270068423,0,0,0,1,0,0,0,0,0,0
1.6215264148347022,1.3738997949942373,-0.9262118733115063,0.27924357025624996,1.1305188732496019,1.0005508073911094,0.04183603584058977,1.38964988701715,1.4253508343051926,0.016701592850626282,0.6583041859643514,-0.9323943522337242,-0.2799590417692935,1,0,0,0,0,0,0,0,0,0
1.6215264148347022,1.3738997949942373,1.746113120333872,-0.897061908144212,-1.5710467216691542,-1.2888815776930636,0.7484001967038848,0.016933183026203977,0.714429335324424,0.742027910934961,1.3448375394228858,3.4744923746847944,-0.18572839563418406,0,0,0,1,0,0,0,0,0,0
-0.22866565528232038,1.3738997949942373,1.3563990587605876,1.455549048656712,0.744580931118351,0.6734890380933704,1.45496435756718,1.38964988701715,1.4253508343051926,-1.4339510433180431,-1.401295874411252,0.4011929383305071,-0.23998202814635577,0,0,1,0,0,0,0,0,0,0
0.5642738033392607,-1.4268749756897403,-0.5921712491058341,1.0634472225232248,-1.5710467216691542,-0.3076962697998466,0.7484001967038848,1.38964988701715,0.0035078363436552087,0.016701592850626282,-0.7147625209527175,0.14772494357963825,-0.19442760048595503,0,0,0,0,0,0,0,0,0,1
-0.4929788081561807,-1.4268749756897403,-0.5921712491058341,-0.11285825587723738,-1.5710467216691542,-1.2888815776930636,-0.6647281250227053,1.38964988701715,-1.4183351616178823,0.742027910934961,-0.028229167494183048,0.14772494357963825,-0.043061436065139916,1,0,0,0,0,0,0,0,0,0
1.3572132619608417,-0.026487590347751562,0.7439912477168552,-0.897061908144212,-0.7991708374066524,-1.2888815776930636,-0.6647281250227053,0.016933183026203977,1.4253508343051926,-0.7086247252337085,0.6583041859643514,0.9398124271761039,-0.18572839563418406,0,0,0,1,0,0,0,0,0,0
0.2999606504654003,0.6737061023232428,0.7996646850844672,1.455549048656712,1.5164568153808526,0.3464272687956314,0.7484001967038848,-1.3557835209647422,-0.7074136626371136,0.016701592850626282,1.3448375394228858,-0.14270713373906607,-0.2254880401042455,0,0,0,0,0,0,0,0,1,0
-0.757291961030041,0.6737061023232428,-1.5386196843552389,1.455549048656712,-0.027294953144150712,0.01936549949789241,1.45496435756718,-1.3557835209647422,0.714429335324424,-0.7086247252337085,-0.7147625209527175,-1.238428152714177,-0.20531013518287639,0,0,0,0,0,0,0,0,1,0
-1.550231419651622,-0.026487590347751562,1.1337053092901395,0.27924357025624996,-0.4132328952754016,-0.9618198083953245,-1.3712922858860004,0.016933183026203977,-1.4183351616178823,-1.4339510433180431,-1.401295874411252,0.9398124271761039,-0.14156957481519422,0,0,0,0,1,0,0,0,0,0
-0.4929788081561807,-0.026487590347751562,0.02023656193789849,0.27924357025624996,-1.5710467216691542,0.3464272687956314,-0.6647281250227053,1.38964988701715,0.0035078363436552087,1.4673542290192958,0.6583041859643514,1.0190211755357508,-0.26407828326636407,0,0,0,0,0,0,0,0,1,0
-1.550231419651622,-0.7266812830187459,0.6883178103492431,-0.897061908144212,-1.5710467216691542,1.0005508073911094,0.7484001967038848,1.38964988701715,0.0035078363436552087,-0.7086247252337085,1.3448375394228858,1.9695261558515091,-0.3090208298296543,0,0,0,0,0,0,0,0,0,1
0.8285869562131211,-0.026487590347751562,-1.427272809620015,1.0634472225232248,0.3586429889871002,0.3464272687956314,1.45496435756718,0.7032915350216771,0.0035078363436552087,0.742027910934961,-0.7147625209527175,-1.1724208624144714,-0.23835145449161838,0,0,0,0,0,0,0,0,0,1
-1.550231419651622,-1.4268749756897403,-0.536497811738222,-0.5049600820107247,0.744580931118351,1.3276125766888485,-0.6647281250227053,-1.3557835209647422,0.0035078363436552087,1.4673542290192958,1.3448375394228858,-0.6760460393606863,-0.3025271702264235,0,0,0,0,1,0,0,0,0,0
0.035647497591539984,0.6737061023232428,-0.48082437437061,1.0634472225232248,1.5164568153808526,0.6734890380933704,-1.3712922858860004,-0.6694251689692691,0.0035078363436552087,1.4673542290192958,-1.401295874411252,-0.7499742044963564,-0.2510336940284648,0,0,1,0,0,0,0,0,0,0
-1.2859182667777618,-0.026487590347751562,1.4120724961281998,-0.11285825587723738,0.744580931118351,0.6734890380933704,0.7484001967038848,-0.6694251689692691,-1.4183351616178823,0.742027910934961,1.3448375394228858,0.4328764376743659,-0.284188691674792,0,0,1,0,0,0,0,0,0,0
